election_id;value
ID 0.5;0.35315537452697754
IC 0.5;156.75599932670593
full;0.15128803253173828
empty;0.011241436004638672
background_id_0;0.13139772415161133
background_id_1;0.1599588394165039
background_id_2;0.16347694396972656
background_id_3;0.1652834415435791
background_id_4;1.6380751132965088
background_id_5;0.1721358299255371
background_id_6;0.17372822761535645
background_id_7;0.17775583267211914
background_id_8;0.18049407005310059
background_id_9;0.1815354824066162
background_id_10;0.18369698524475098
background_id_11;0.1928575038909912
background_id_12;0.18796253204345703
background_id_13;0.19130253791809082
background_id_14;0.1975409984588623
background_id_15;0.20403623580932617
background_id_16;0.20009398460388184
background_id_17;1.4067051410675049
background_id_18;0.20467066764831543
background_id_19;0.21171045303344727
background_id_20;0.20921063423156738
background_id_21;0.21045136451721191
background_id_22;0.21475005149841309
background_id_23;0.21733474731445312
background_id_24;0.2191915512084961
background_id_25;0.2267923355102539
background_id_26;0.22549200057983398
background_id_27;0.2272939682006836
background_id_28;0.2610352039337158
background_ic_0;0.14888453483581543
background_ic_1;1.6981630325317383
background_ic_2;6.025767803192139
background_ic_3;26.26716709136963
background_ic_4;10.32787823677063
background_ic_5;32.32053852081299
background_ic_6;22.9308602809906
background_ic_7;59.26759052276611
background_ic_8;67.9676125049591
background_ic_9;71.79572081565857
background_ic_10;101.91542291641235
background_ic_11;96.85432744026184
background_ic_12;74.37177777290344
background_ic_13;103.84413933753967
background_ic_14;66.22014093399048
background_ic_15;57.998653411865234
background_ic_16;56.739609718322754
background_ic_17;59.567010164260864
background_ic_18;53.253522872924805
background_ic_19;47.45724678039551
background_ic_20;12.718222618103027
background_ic_21;9.657780885696411
background_ic_22;22.267640352249146
background_ic_23;1.6215708255767822
background_ic_24;2.4642930030822754
background_ic_25;7.845827341079712
background_ic_26;0.8148555755615234
background_ic_27;1.906294345855713
background_ic_28;0.565784215927124
background_v1_0;0.07792329788208008
background_v1_1;0.14256858825683594
background_v1_2;0.43165135383605957
background_v1_3;0.5316085815429688
background_v1_4;0.5692520141601562
background_v1_5;0.7263314723968506
background_v1_6;0.6300592422485352
background_v1_7;0.706610918045044
background_v1_8;0.7987539768218994
background_v1_9;0.5816922187805176
background_v1_10;1.3234713077545166
background_v1_11;0.7104134559631348
background_v1_12;2.2002410888671875
background_v1_13;1.0447702407836914
background_v1_14;0.480104923248291
background_v1_15;0.6609623432159424
background_v1_16;0.3865320682525635
background_v1_17;2.026587724685669
background_v1_18;0.6613082885742188
background_v1_19;0.4881913661956787
background_v1_20;0.5072445869445801
background_v1_21;0.4985020160675049
background_v1_22;0.49894094467163086
background_v1_23;0.46365857124328613
background_v1_24;0.5262467861175537
background_v1_25;1.6958017349243164
background_v1_26;0.4532783031463623
background_v1_27;0.3464481830596924
background_v1_28;0.34355783462524414
background_v2_0;0.0681614875793457
background_v2_1;0.14350485801696777
background_v2_2;0.5301775932312012
background_v2_3;3.245481014251709
background_v2_4;6.398891448974609
background_v2_5;5.405947208404541
background_v2_6;1.7057271003723145
background_v2_7;1.6164648532867432
background_v2_8;9.197699308395386
background_v2_9;21.59819722175598
background_v2_10;8.66715121269226
background_v2_11;10.08365511894226
background_v2_12;9.658950328826904
background_v2_13;5.271047115325928
background_v2_14;39.35128736495972
background_v2_15;1.5974433422088623
background_v2_16;1.4721004962921143
background_v2_17;5.625935077667236
background_v2_18;1.1382067203521729
background_v2_19;2.2804172039031982
background_v2_20;0.5978543758392334
background_v2_21;0.5438961982727051
background_v2_22;2.247452974319458
background_v2_23;1.2592456340789795
background_v2_24;0.6214487552642822
background_v2_25;0.5764520168304443
background_v2_26;0.5205202102661133
background_v2_27;0.5044078826904297
background_v2_28;0.4337189197540283
background_v3_0;0.07922029495239258
background_v3_1;0.12579655647277832
background_v3_2;0.7892894744873047
background_v3_3;1.7898032665252686
background_v3_4;2.5435431003570557
background_v3_5;20.29975962638855
background_v3_6;9.54324460029602
background_v3_7;11.625940561294556
background_v3_8;27.854001760482788
background_v3_9;28.03218412399292
background_v3_10;60.79068326950073
background_v3_11;14.179805040359497
background_v3_12;34.47934603691101
background_v3_13;50.885305404663086
background_v3_14;42.98891568183899
background_v3_15;9.763028383255005
background_v3_16;25.977071285247803
background_v3_17;2.385542631149292
background_v3_18;9.112328052520752
background_v3_19;44.29013442993164
background_v3_20;1.9181430339813232
background_v3_21;1.141324758529663
background_v3_22;2.753587245941162
background_v3_23;1.2220654487609863
background_v3_24;1.2370102405548096
background_v3_25;0.7804560661315918
background_v3_26;0.6237168312072754
background_v3_27;0.5895726680755615
background_v3_28;0.45317816734313965
background_h1_0;0.22600340843200684
background_h1_1;0.738849401473999
background_h1_2;0.6393270492553711
background_h1_3;1.79136323928833
background_h1_4;1.127218246459961
background_h2_0;0.23904967308044434
background_h2_1;0.33989906311035156
background_h2_2;26.553959608078003
background_h2_3;7.37116813659668
background_h2_4;8.449333667755127
background_h2_5;5.753337621688843
background_h2_6;7.992858648300171
background_h2_7;4.650722980499268
background_h2_8;3.1564626693725586
background_h3_0;0.2547109127044678
background_h3_1;0.7606537342071533
background_h3_2;1.8989272117614746
background_h3_3;0.8962075710296631
background_h3_4;8.201496124267578
background_h3_5;1.7885315418243408
background_h3_6;21.19623565673828
background_h3_7;31.49211049079895
background_h3_8;26.78368639945984
background_h3_9;10.879437923431396
background_h3_10;12.20498514175415
background_h3_11;7.821794509887695
background_h4_0;0.34412050247192383
background_h4_1;0.3260152339935303
background_h4_2;0.7573990821838379
background_h4_3;2.088909387588501
background_h4_4;1.148031234741211
background_h4_5;1.8410158157348633
background_h4_6;24.22101402282715
background_h4_7;37.945324420928955
background_h4_8;35.7143440246582
background_h4_9;37.034666538238525
background_h4_10;68.56856894493103
background_h4_11;14.978001356124878
background_h4_12;12.195748090744019
background_h5_0;0.3579587936401367
background_h5_1;0.3643171787261963
background_h5_2;0.6919231414794922
background_h5_3;1.923295259475708
background_h5_4;2.87506365776062
background_h5_5;1.567746639251709
background_h5_6;1.8249478340148926
background_h5_7;13.620945453643799
background_h5_8;7.108180284500122
background_h5_9;11.207772970199585
background_h5_10;18.19097089767456
background_h5_11;10.613349676132202
background_h5_12;43.63350057601929
background_h5_13;54.46318292617798
background_h6_0;0.39154529571533203
background_h6_1;0.5541703701019287
background_h6_2;2.038567304611206
background_h6_3;1.2259902954101562
background_h6_4;1.587378978729248
background_h6_5;1.2567145824432373
background_h6_6;1.8341131210327148
background_h6_7;2.1076138019561768
background_h6_8;5.005729675292969
background_h6_9;13.722105741500854
background_h6_10;44.20113015174866
background_h6_11;13.91654658317566
background_h6_12;11.73667025566101
background_h7_0;0.36031198501586914
background_h7_1;0.5090763568878174
background_h7_2;1.8069844245910645
background_h7_3;0.4838597774505615
background_h7_4;0.8294277191162109
background_h7_5;1.0611224174499512
background_h7_6;0.8713316917419434
background_h7_7;2.1763863563537598
background_h7_8;8.578847885131836
background_h7_9;2.5369439125061035
background_h7_10;44.45273303985596
background_h7_11;40.85882067680359
background_h8_0;0.384570837020874
background_h8_1;0.5410356521606445
background_h8_2;0.5360369682312012
background_h8_3;1.7327911853790283
background_h8_4;1.0164968967437744
background_h8_5;0.8308415412902832
background_h8_6;1.566150426864624
background_h8_7;1.062213659286499
background_h8_8;1.9122881889343262
background_h9_0;0.3502063751220703
background_h9_1;0.501615047454834
background_h9_2;0.5614383220672607
background_h9_3;0.6253223419189453
background_h9_4;0.6938343048095703
truncated_urn_1_0;0.22563791275024414
truncated_urn_1_1;0.09798789024353027
truncated_urn_1_2;1.2266316413879395
truncated_urn_1_3;0.09655308723449707
truncated_urn_1_4;0.10124492645263672
truncated_urn_1_5;0.11333179473876953
truncated_urn_1_6;0.10716915130615234
truncated_urn_1_7;0.11211729049682617
truncated_urn_1_8;0.11606740951538086
truncated_urn_1_9;0.11247682571411133
truncated_urn_1_10;0.11595535278320312
truncated_urn_1_11;0.10743999481201172
truncated_urn_1_12;0.11536931991577148
truncated_urn_1_13;0.11146116256713867
truncated_urn_1_14;0.1137697696685791
truncated_urn_1_15;1.2377562522888184
truncated_urn_1_16;0.11228728294372559
truncated_urn_1_17;0.12742948532104492
truncated_urn_1_18;0.1103508472442627
truncated_urn_1_19;0.12050652503967285
truncated_urn_1_20;0.1214761734008789
truncated_urn_1_21;0.12375688552856445
truncated_urn_1_22;0.11418867111206055
truncated_urn_1_23;0.13106751441955566
truncated_urn_1_24;0.1295628547668457
truncated_urn_2_0;0.13159441947937012
truncated_urn_2_1;0.23293852806091309
truncated_urn_2_2;0.2549424171447754
truncated_urn_2_3;1.252303123474121
truncated_urn_2_4;0.13454508781433105
truncated_urn_2_5;0.12448859214782715
truncated_urn_2_6;0.127854585647583
truncated_urn_2_7;0.12095856666564941
truncated_urn_2_8;0.118499755859375
truncated_urn_2_9;0.14085745811462402
truncated_urn_2_10;0.13717317581176758
truncated_urn_2_11;0.1380159854888916
truncated_urn_2_12;0.13399219512939453
truncated_urn_2_13;0.14977550506591797
truncated_urn_2_14;0.13174057006835938
truncated_urn_2_15;0.1410846710205078
truncated_urn_2_16;1.2623951435089111
truncated_urn_2_17;0.14432239532470703
truncated_urn_2_18;0.13547396659851074
truncated_urn_2_19;0.16043591499328613
truncated_urn_2_20;0.13368487358093262
truncated_urn_2_21;0.1452169418334961
truncated_urn_2_22;0.13829851150512695
truncated_urn_2_23;0.1349048614501953
truncated_urn_2_24;0.14265036582946777
truncated_urn_3_0;0.4265174865722656
truncated_urn_3_1;0.14783072471618652
truncated_urn_3_2;0.14899349212646484
truncated_urn_3_3;0.15211725234985352
truncated_urn_3_4;1.2830228805541992
truncated_urn_3_5;0.2549121379852295
truncated_urn_3_6;0.15523481369018555
truncated_urn_3_7;0.15524744987487793
truncated_urn_3_8;0.1414780616760254
truncated_urn_3_9;0.15708065032958984
truncated_urn_3_10;0.17510485649108887
truncated_urn_3_11;0.15036487579345703
truncated_urn_3_12;0.16117095947265625
truncated_urn_3_13;0.150437593460083
truncated_urn_3_14;0.1612257957458496
truncated_urn_3_15;0.16054344177246094
truncated_urn_3_16;0.16388344764709473
truncated_urn_3_17;1.289461612701416
truncated_urn_3_18;0.16537857055664062
truncated_urn_3_19;0.16391706466674805
truncated_urn_3_20;0.15638113021850586
truncated_urn_3_21;0.15972447395324707
truncated_urn_3_22;0.1690053939819336
truncated_urn_3_23;0.15686845779418945
truncated_urn_3_24;0.1632997989654541
truncated_urn_4_0;0.27756357192993164
truncated_urn_4_1;0.16579794883728027
truncated_urn_4_2;0.23136615753173828
truncated_urn_4_3;0.22884082794189453
truncated_urn_4_4;0.1707139015197754
truncated_urn_4_5;1.305210828781128
truncated_urn_4_6;0.25324106216430664
truncated_urn_4_7;0.1761946678161621
truncated_urn_4_8;0.18240904808044434
truncated_urn_4_9;0.18022751808166504
truncated_urn_4_10;0.16833257675170898
truncated_urn_4_11;0.16785788536071777
truncated_urn_4_12;0.17075753211975098
truncated_urn_4_13;0.17827558517456055
truncated_urn_4_14;0.17588210105895996
truncated_urn_4_15;0.185028076171875
truncated_urn_4_16;0.1850290298461914
truncated_urn_4_17;0.17815589904785156
truncated_urn_4_18;1.2973575592041016
truncated_urn_4_19;0.17828822135925293
truncated_urn_4_20;0.1772916316986084
truncated_urn_4_21;0.18581604957580566
truncated_urn_4_22;0.18689846992492676
truncated_urn_4_23;0.17322492599487305
truncated_urn_4_24;0.17653989791870117
truncated_urn_5_0;0.3403339385986328
truncated_urn_5_1;0.1970524787902832
truncated_urn_5_2;0.18641138076782227
truncated_urn_5_3;0.18342018127441406
truncated_urn_5_4;0.19004511833190918
truncated_urn_5_5;0.18654084205627441
truncated_urn_5_6;1.3200445175170898
truncated_urn_5_7;0.18624114990234375
truncated_urn_5_8;0.19562363624572754
truncated_urn_5_9;0.18219661712646484
truncated_urn_5_10;0.18174457550048828
truncated_urn_5_11;0.19119834899902344
truncated_urn_5_12;0.19497203826904297
truncated_urn_5_13;0.1832413673400879
truncated_urn_5_14;0.18413352966308594
truncated_urn_5_15;0.1878514289855957
truncated_urn_5_16;0.19899916648864746
truncated_urn_5_17;0.19733476638793945
truncated_urn_5_18;0.1833961009979248
truncated_urn_5_19;1.3148884773254395
truncated_urn_5_20;0.19903135299682617
truncated_urn_5_21;0.19519829750061035
truncated_urn_5_22;0.19739747047424316
truncated_urn_5_23;0.2039954662322998
truncated_urn_5_24;0.19889307022094727
truncated_urn_6_0;0.3738710880279541
truncated_urn_6_1;0.1963503360748291
truncated_urn_6_2;0.19756841659545898
truncated_urn_6_3;0.19196534156799316
truncated_urn_6_4;0.20115017890930176
truncated_urn_6_5;0.19478416442871094
truncated_urn_6_6;0.1970362663269043
truncated_urn_6_7;1.3296189308166504
truncated_urn_6_8;0.19387316703796387
truncated_urn_6_9;0.19945812225341797
truncated_urn_6_10;0.19143009185791016
truncated_urn_6_11;0.21104192733764648
truncated_urn_6_12;0.2087104320526123
truncated_urn_6_13;0.20308732986450195
truncated_urn_6_14;0.19509124755859375
truncated_urn_6_15;0.20935392379760742
truncated_urn_6_16;0.19849133491516113
truncated_urn_6_17;0.2169814109802246
truncated_urn_6_18;0.20961499214172363
truncated_urn_6_19;0.19284749031066895
truncated_urn_6_20;1.3265399932861328
truncated_urn_6_21;0.20858979225158691
truncated_urn_6_22;0.2099463939666748
truncated_urn_6_23;0.21503520011901855
truncated_urn_6_24;0.2108297348022461
truncated_urn_7_0;0.23672771453857422
truncated_urn_7_1;0.2140822410583496
truncated_urn_7_2;0.232452392578125
truncated_urn_7_3;0.21042346954345703
truncated_urn_7_4;0.20908784866333008
truncated_urn_7_5;0.20535612106323242
truncated_urn_7_6;0.20664429664611816
truncated_urn_7_7;0.20725727081298828
truncated_urn_7_8;1.3533530235290527
truncated_urn_7_9;0.2094740867614746
truncated_urn_7_10;0.21562695503234863
truncated_urn_7_11;0.21787095069885254
truncated_urn_7_12;0.20993280410766602
truncated_urn_7_13;0.2194983959197998
truncated_urn_7_14;0.22481560707092285
truncated_urn_7_15;0.21548748016357422
truncated_urn_7_16;0.217179536819458
truncated_urn_7_17;0.22058415412902832
truncated_urn_7_18;0.22115683555603027
truncated_urn_7_19;0.2288980484008789
truncated_urn_7_20;0.2280864715576172
truncated_urn_7_21;1.359248161315918
truncated_urn_7_22;0.21888470649719238
truncated_urn_7_23;0.24002814292907715
truncated_urn_7_24;0.24210262298583984
truncated_urn_8_0;0.2563130855560303
truncated_urn_8_1;0.23813748359680176
truncated_urn_8_2;0.2433943748474121
truncated_urn_8_3;0.23792362213134766
truncated_urn_8_4;0.22143173217773438
truncated_urn_8_5;0.2303760051727295
truncated_urn_8_6;0.2299942970275879
truncated_urn_8_7;0.22794222831726074
truncated_urn_8_8;0.23810100555419922
truncated_urn_8_9;1.36787748336792
truncated_urn_8_10;0.22391462326049805
truncated_urn_8_11;0.24232220649719238
truncated_urn_8_12;0.2239384651184082
truncated_urn_8_13;0.26068687438964844
truncated_urn_8_14;0.2573072910308838
truncated_urn_8_15;0.24446511268615723
truncated_urn_8_16;0.2561061382293701
truncated_urn_8_17;0.22629547119140625
truncated_urn_8_18;0.24402475357055664
truncated_urn_8_19;0.2488086223602295
truncated_urn_8_20;0.22742342948913574
truncated_urn_8_21;0.26163673400878906
truncated_urn_8_22;1.3635625839233398
truncated_urn_8_23;0.22664880752563477
truncated_urn_8_24;0.22047042846679688
truncated_urn_9_0;0.2714259624481201
truncated_urn_9_1;0.24465179443359375
truncated_urn_9_2;0.2351241111755371
truncated_urn_9_3;0.24910759925842285
truncated_urn_9_4;0.26580166816711426
truncated_urn_9_5;0.24371719360351562
truncated_urn_9_6;0.24451875686645508
truncated_urn_9_7;0.2556886672973633
truncated_urn_9_8;0.24383115768432617
truncated_urn_9_9;0.2623441219329834
truncated_urn_9_10;1.3816864490509033
truncated_urn_9_11;0.25327157974243164
truncated_urn_9_12;0.23890233039855957
truncated_urn_9_13;0.24554800987243652
truncated_urn_9_14;0.2717475891113281
truncated_urn_9_15;0.24475407600402832
truncated_urn_9_16;0.26185035705566406
truncated_urn_9_17;0.2327284812927246
truncated_urn_9_18;0.27069878578186035
truncated_urn_9_19;0.2370774745941162
truncated_urn_9_20;0.26906871795654297
truncated_urn_9_21;0.27622461318969727
truncated_urn_9_22;0.1336514949798584
truncated_urn_9_23;1.379124641418457
truncated_urn_9_24;0.26686882972717285
