election_id;value
ID 0.5;1.0
IC 0.5;1.0
full;1.0
empty;0.0
background_id_0;1.0
background_id_1;1.0
background_id_2;1.0
background_id_3;1.0
background_id_4;1.0
background_id_5;1.0
background_id_6;1.0
background_id_7;1.0
background_id_8;1.0
background_id_9;1.0
background_id_10;1.0
background_id_11;1.0
background_id_12;1.0
background_id_13;1.0
background_id_14;1.0
background_id_15;1.0
background_id_16;1.0
background_id_17;1.0
background_id_18;1.0
background_id_19;1.0
background_id_20;1.0
background_id_21;1.0
background_id_22;1.0
background_id_23;1.0
background_id_24;1.0
background_id_25;1.0
background_id_26;1.0
background_id_27;1.0
background_id_28;1.0
background_ic_0;0.0
background_ic_1;0.0
background_ic_2;0.0
background_ic_3;0.0
background_ic_4;0.0
background_ic_5;0.0
background_ic_6;0.0
background_ic_7;0.0
background_ic_8;0.0
background_ic_9;0.0
background_ic_10;0.0
background_ic_11;0.0
background_ic_12;1.0
background_ic_13;1.0
background_ic_14;1.0
background_ic_15;1.0
background_ic_16;1.0
background_ic_17;1.0
background_ic_18;1.0
background_ic_19;1.0
background_ic_20;1.0
background_ic_21;1.0
background_ic_22;1.0
background_ic_23;1.0
background_ic_24;1.0
background_ic_25;1.0
background_ic_26;1.0
background_ic_27;1.0
background_ic_28;1.0
background_v1_0;0.833
background_v1_1;0.998
background_v1_2;1.0
background_v1_3;1.0
background_v1_4;1.0
background_v1_5;1.0
background_v1_6;1.0
background_v1_7;1.0
background_v1_8;1.0
background_v1_9;1.0
background_v1_10;1.0
background_v1_11;1.0
background_v1_12;1.0
background_v1_13;1.0
background_v1_14;1.0
background_v1_15;1.0
background_v1_16;1.0
background_v1_17;1.0
background_v1_18;1.0
background_v1_19;1.0
background_v1_20;1.0
background_v1_21;1.0
background_v1_22;1.0
background_v1_23;1.0
background_v1_24;1.0
background_v1_25;1.0
background_v1_26;1.0
background_v1_27;1.0
background_v1_28;1.0
background_v2_0;0.538
background_v2_1;0.908
background_v2_2;0.996
background_v2_3;0.999
background_v2_4;1.0
background_v2_5;1.0
background_v2_6;1.0
background_v2_7;1.0
background_v2_8;1.0
background_v2_9;1.0
background_v2_10;1.0
background_v2_11;1.0
background_v2_12;1.0
background_v2_13;1.0
background_v2_14;1.0
background_v2_15;1.0
background_v2_16;1.0
background_v2_17;1.0
background_v2_18;1.0
background_v2_19;1.0
background_v2_20;1.0
background_v2_21;1.0
background_v2_22;1.0
background_v2_23;1.0
background_v2_24;1.0
background_v2_25;1.0
background_v2_26;1.0
background_v2_27;1.0
background_v2_28;1.0
background_v3_0;0.0
background_v3_1;0.0
background_v3_2;0.0
background_v3_3;0.0
background_v3_4;0.0
background_v3_5;0.0
background_v3_6;0.933
background_v3_7;1.0
background_v3_8;1.0
background_v3_9;1.0
background_v3_10;1.0
background_v3_11;1.0
background_v3_12;1.0
background_v3_13;1.0
background_v3_14;1.0
background_v3_15;1.0
background_v3_16;1.0
background_v3_17;1.0
background_v3_18;1.0
background_v3_19;1.0
background_v3_20;1.0
background_v3_21;1.0
background_v3_22;1.0
background_v3_23;1.0
background_v3_24;1.0
background_v3_25;1.0
background_v3_26;1.0
background_v3_27;1.0
background_v3_28;1.0
background_h1_0;1.0
background_h1_1;1.0
background_h1_2;0.995
background_h1_3;0.0
background_h1_4;0.0
background_h2_0;1.0
background_h2_1;1.0
background_h2_2;1.0
background_h2_3;1.0
background_h2_4;1.0
background_h2_5;1.0
background_h2_6;0.987
background_h2_7;0.0
background_h2_8;0.0
background_h3_0;1.0
background_h3_1;1.0
background_h3_2;1.0
background_h3_3;1.0
background_h3_4;1.0
background_h3_5;1.0
background_h3_6;1.0
background_h3_7;1.0
background_h3_8;1.0
background_h3_9;1.0
background_h3_10;0.0
background_h3_11;0.0
background_h4_0;1.0
background_h4_1;1.0
background_h4_2;1.0
background_h4_3;1.0
background_h4_4;1.0
background_h4_5;1.0
background_h4_6;1.0
background_h4_7;1.0
background_h4_8;1.0
background_h4_9;1.0
background_h4_10;1.0
background_h4_11;1.0
background_h4_12;1.0
background_h5_0;1.0
background_h5_1;1.0
background_h5_2;1.0
background_h5_3;1.0
background_h5_4;1.0
background_h5_5;1.0
background_h5_6;1.0
background_h5_7;1.0
background_h5_8;1.0
background_h5_9;1.0
background_h5_10;1.0
background_h5_11;1.0
background_h5_12;1.0
background_h5_13;1.0
background_h6_0;1.0
background_h6_1;1.0
background_h6_2;1.0
background_h6_3;1.0
background_h6_4;1.0
background_h6_5;1.0
background_h6_6;1.0
background_h6_7;1.0
background_h6_8;1.0
background_h6_9;1.0
background_h6_10;1.0
background_h6_11;1.0
background_h6_12;1.0
background_h7_0;1.0
background_h7_1;1.0
background_h7_2;1.0
background_h7_3;1.0
background_h7_4;1.0
background_h7_5;1.0
background_h7_6;1.0
background_h7_7;1.0
background_h7_8;1.0
background_h7_9;1.0
background_h7_10;1.0
background_h7_11;1.0
background_h8_0;1.0
background_h8_1;1.0
background_h8_2;1.0
background_h8_3;1.0
background_h8_4;1.0
background_h8_5;1.0
background_h8_6;1.0
background_h8_7;1.0
background_h8_8;1.0
background_h9_0;1.0
background_h9_1;1.0
background_h9_2;1.0
background_h9_3;1.0
background_h9_4;1.0
1D_0;0.0
1D_1;0.0
1D_2;0.0
1D_3;0.0
1D_4;0.0
1D_5;0.0
1D_6;0.0
1D_7;0.0
1D_8;0.0
1D_9;0.0
1D_10;0.0
1D_11;0.0
1D_12;0.0
1D_13;0.0
1D_14;0.0
1D_15;0.299
1D_16;0.76
1D_17;0.77
1D_18;0.964
1D_19;1.0
1D_20;0.953
1D_21;0.988
1D_22;1.0
1D_23;1.0
1D_24;1.0
1D_25;1.0
1D_26;1.0
1D_27;1.0
1D_28;1.0
1D_29;1.0
1D_30;1.0
1D_31;1.0
1D_32;1.0
1D_33;1.0
1D_34;1.0
1D_35;1.0
1D_36;1.0
1D_37;1.0
1D_38;1.0
1D_39;1.0
1D_40;1.0
1D_41;1.0
1D_42;1.0
1D_43;1.0
1D_44;1.0
1D_45;1.0
1D_46;1.0
1D_47;1.0
1D_48;1.0
1D_49;1.0
1D_50;1.0
1D_51;1.0
1D_52;1.0
1D_53;1.0
1D_54;1.0
1D_55;1.0
1D_56;1.0
1D_57;1.0
1D_58;1.0
1D_59;1.0
1D_60;1.0
1D_61;1.0
1D_62;1.0
1D_63;1.0
1D_64;1.0
1D_65;1.0
1D_66;1.0
1D_67;1.0
1D_68;1.0
1D_69;1.0
1D_70;1.0
1D_71;1.0
1D_72;1.0
1D_73;1.0
1D_74;1.0
1D_75;1.0
1D_76;1.0
1D_77;1.0
1D_78;1.0
1D_79;1.0
1D_80;1.0
1D_81;1.0
1D_82;1.0
1D_83;1.0
1D_84;1.0
1D_85;1.0
1D_86;1.0
1D_87;1.0
1D_88;1.0
1D_89;1.0
1D_90;1.0
1D_91;1.0
1D_92;1.0
1D_93;1.0
1D_94;1.0
1D_95;1.0
1D_96;1.0
1D_97;1.0
1D_98;1.0
1D_99;1.0
2D_0;0.0
2D_1;0.0
2D_2;0.0
2D_3;0.0
2D_4;0.0
2D_5;0.0
2D_6;0.0
2D_7;0.0
2D_8;0.0
2D_9;0.0
2D_10;0.0
2D_11;0.0
2D_12;0.0
2D_13;0.0
2D_14;0.0
2D_15;0.0
2D_16;0.0
2D_17;0.0
2D_18;0.0
2D_19;0.0
2D_20;0.0
2D_21;0.206
2D_22;0.202
2D_23;0.66
2D_24;0.872
2D_25;0.925
2D_26;0.993
2D_27;0.971
2D_28;0.997
2D_29;0.997
2D_30;1.0
2D_31;0.996
2D_32;1.0
2D_33;1.0
2D_34;1.0
2D_35;1.0
2D_36;1.0
2D_37;1.0
2D_38;1.0
2D_39;1.0
2D_40;1.0
2D_41;1.0
2D_42;1.0
2D_43;1.0
2D_44;1.0
2D_45;1.0
2D_46;1.0
2D_47;1.0
2D_48;1.0
2D_49;1.0
2D_50;1.0
2D_51;1.0
2D_52;1.0
2D_53;1.0
2D_54;1.0
2D_55;1.0
2D_56;1.0
2D_57;1.0
2D_58;1.0
2D_59;1.0
2D_60;1.0
2D_61;1.0
2D_62;1.0
2D_63;1.0
2D_64;1.0
2D_65;1.0
2D_66;1.0
2D_67;1.0
2D_68;1.0
2D_69;1.0
2D_70;1.0
2D_71;1.0
2D_72;1.0
2D_73;1.0
2D_74;1.0
2D_75;1.0
2D_76;1.0
2D_77;1.0
2D_78;1.0
2D_79;1.0
2D_80;1.0
2D_81;1.0
2D_82;1.0
2D_83;1.0
2D_84;1.0
2D_85;1.0
2D_86;1.0
2D_87;1.0
2D_88;1.0
2D_89;1.0
2D_90;1.0
2D_91;1.0
2D_92;1.0
2D_93;1.0
2D_94;1.0
2D_95;1.0
2D_96;1.0
2D_97;1.0
2D_98;1.0
2D_99;1.0
