election_id;value
ID 0.5;1000.0
IC 0.5;533.0
full;1000.0
empty;0.0
background_id_0;1000.0
background_id_1;1000.0
background_id_2;1000.0
background_id_3;1000.0
background_id_4;1000.0
background_id_5;1000.0
background_id_6;1000.0
background_id_7;1000.0
background_id_8;1000.0
background_id_9;1000.0
background_id_10;1000.0
background_id_11;1000.0
background_id_12;1000.0
background_id_13;1000.0
background_id_14;1000.0
background_id_15;1000.0
background_id_16;1000.0
background_id_17;1000.0
background_id_18;1000.0
background_id_19;1000.0
background_id_20;1000.0
background_id_21;1000.0
background_id_22;1000.0
background_id_23;1000.0
background_id_24;1000.0
background_id_25;1000.0
background_id_26;1000.0
background_id_27;1000.0
background_id_28;1000.0
background_ic_0;47.0
background_ic_1;91.0
background_ic_2;120.0
background_ic_3;161.0
background_ic_4;195.0
background_ic_5;233.0
background_ic_6;277.0
background_ic_7;300.0
background_ic_8;339.0
background_ic_9;373.0
background_ic_10;399.0
background_ic_11;431.0
background_ic_12;485.0
background_ic_13;493.0
background_ic_14;537.0
background_ic_15;561.0
background_ic_16;611.0
background_ic_17;652.0
background_ic_18;663.0
background_ic_19;712.0
background_ic_20;728.0
background_ic_21;761.0
background_ic_22;800.0
background_ic_23;840.0
background_ic_24;865.0
background_ic_25;890.0
background_ic_26;927.0
background_ic_27;953.0
background_ic_28;982.0
background_v1_0;749.0
background_v1_1;775.0
background_v1_2;792.0
background_v1_3;814.0
background_v1_4;802.0
background_v1_5;828.0
background_v1_6;842.0
background_v1_7;843.0
background_v1_8;849.0
background_v1_9;858.0
background_v1_10;861.0
background_v1_11;871.0
background_v1_12;876.0
background_v1_13;890.0
background_v1_14;899.0
background_v1_15;905.0
background_v1_16;910.0
background_v1_17;927.0
background_v1_18;930.0
background_v1_19;937.0
background_v1_20;943.0
background_v1_21;948.0
background_v1_22;958.0
background_v1_23;964.0
background_v1_24;973.0
background_v1_25;981.0
background_v1_26;986.0
background_v1_27;992.0
background_v1_28;999.0
background_v2_0;521.0
background_v2_1;549.0
background_v2_2;571.0
background_v2_3;612.0
background_v2_4;613.0
background_v2_5;627.0
background_v2_6;653.0
background_v2_7;662.0
background_v2_8;679.0
background_v2_9;703.0
background_v2_10;712.0
background_v2_11;725.0
background_v2_12;738.0
background_v2_13;763.0
background_v2_14;788.0
background_v2_15;800.0
background_v2_16;801.0
background_v2_17;823.0
background_v2_18;840.0
background_v2_19;864.0
background_v2_20;870.0
background_v2_21;895.0
background_v2_22;903.0
background_v2_23;926.0
background_v2_24;939.0
background_v2_25;950.0
background_v2_26;966.0
background_v2_27;981.0
background_v2_28;992.0
background_v3_0;288.0
background_v3_1;322.0
background_v3_2;352.0
background_v3_3;369.0
background_v3_4;386.0
background_v3_5;432.0
background_v3_6;455.0
background_v3_7;482.0
background_v3_8;513.0
background_v3_9;524.0
background_v3_10;567.0
background_v3_11;576.0
background_v3_12;603.0
background_v3_13;635.0
background_v3_14;665.0
background_v3_15;692.0
background_v3_16;709.0
background_v3_17;727.0
background_v3_18;779.0
background_v3_19;775.0
background_v3_20;816.0
background_v3_21;833.0
background_v3_22;852.0
background_v3_23;874.0
background_v3_24;900.0
background_v3_25;923.0
background_v3_26;942.0
background_v3_27;970.0
background_v3_28;988.0
background_h1_0;870.0
background_h1_1;723.0
background_h1_2;574.0
background_h1_3;432.0
background_h1_4;283.0
background_h2_0;935.0
background_h2_1;860.0
background_h2_2;788.0
background_h2_3;702.0
background_h2_4;620.0
background_h2_5;568.0
background_h2_6;478.0
background_h2_7;391.0
background_h2_8;304.0
background_h3_0;963.0
background_h3_1;912.0
background_h3_2;862.0
background_h3_3;810.0
background_h3_4;747.0
background_h3_5;708.0
background_h3_6;654.0
background_h3_7;603.0
background_h3_8;538.0
background_h3_9;505.0
background_h3_10;438.0
background_h3_11;388.0
background_h4_0;966.0
background_h4_1;928.0
background_h4_2;898.0
background_h4_3;854.0
background_h4_4;808.0
background_h4_5;770.0
background_h4_6;729.0
background_h4_7;691.0
background_h4_8;648.0
background_h4_9;605.0
background_h4_10;566.0
background_h4_11;514.0
background_h4_12;486.0
background_h5_0;977.0
background_h5_1;948.0
background_h5_2;918.0
background_h5_3;884.0
background_h5_4;865.0
background_h5_5;831.0
background_h5_6;792.0
background_h5_7;766.0
background_h5_8;727.0
background_h5_9;697.0
background_h5_10;671.0
background_h5_11;651.0
background_h5_12;601.0
background_h5_13;578.0
background_h6_0;988.0
background_h6_1;961.0
background_h6_2;935.0
background_h6_3;915.0
background_h6_4;881.0
background_h6_5;857.0
background_h6_6;823.0
background_h6_7;799.0
background_h6_8;774.0
background_h6_9;748.0
background_h6_10;716.0
background_h6_11;687.0
background_h6_12;652.0
background_h7_0;985.0
background_h7_1;969.0
background_h7_2;945.0
background_h7_3;927.0
background_h7_4;908.0
background_h7_5;888.0
background_h7_6;867.0
background_h7_7;847.0
background_h7_8;830.0
background_h7_9;791.0
background_h7_10;772.0
background_h7_11;754.0
background_h8_0;989.0
background_h8_1;976.0
background_h8_2;955.0
background_h8_3;935.0
background_h8_4;924.0
background_h8_5;898.0
background_h8_6;882.0
background_h8_7;859.0
background_h8_8;845.0
background_h9_0;992.0
background_h9_1;979.0
background_h9_2;971.0
background_h9_3;950.0
background_h9_4;931.0
1D_0;55.0
1D_1;60.0
1D_2;74.0
1D_3;96.0
1D_4;102.0
1D_5;121.0
1D_6;119.0
1D_7;135.0
1D_8;140.0
1D_9;150.0
1D_10;154.0
1D_11;173.0
1D_12;182.0
1D_13;187.0
1D_14;199.0
1D_15;209.0
1D_16;233.0
1D_17;247.0
1D_18;253.0
1D_19;257.0
1D_20;259.0
1D_21;274.0
1D_22;286.0
1D_23;287.0
1D_24;318.0
1D_25;319.0
1D_26;325.0
1D_27;338.0
1D_28;337.0
1D_29;364.0
1D_30;352.0
1D_31;380.0
1D_32;382.0
1D_33;386.0
1D_34;397.0
1D_35;426.0
1D_36;409.0
1D_37;421.0
1D_38;452.0
1D_39;452.0
1D_40;459.0
1D_41;491.0
1D_42;483.0
1D_43;489.0
1D_44;500.0
1D_45;504.0
1D_46;538.0
1D_47;542.0
1D_48;541.0
1D_49;580.0
1D_50;557.0
1D_51;573.0
1D_52;580.0
1D_53;599.0
1D_54;609.0
1D_55;598.0
1D_56;617.0
1D_57;616.0
1D_58;624.0
1D_59;635.0
1D_60;668.0
1D_61;674.0
1D_62;667.0
1D_63;679.0
1D_64;719.0
1D_65;717.0
1D_66;713.0
1D_67;733.0
1D_68;713.0
1D_69;728.0
1D_70;760.0
1D_71;766.0
1D_72;773.0
1D_73;790.0
1D_74;791.0
1D_75;794.0
1D_76;812.0
1D_77;846.0
1D_78;834.0
1D_79;835.0
1D_80;846.0
1D_81;849.0
1D_82;862.0
1D_83;877.0
1D_84;878.0
1D_85;897.0
1D_86;896.0
1D_87;917.0
1D_88;940.0
1D_89;922.0
1D_90;941.0
1D_91;958.0
1D_92;963.0
1D_93;971.0
1D_94;978.0
1D_95;993.0
1D_96;1000.0
1D_97;997.0
1D_98;1000.0
1D_99;1000.0
2D_0;11.0
2D_1;14.0
2D_2;18.0
2D_3;23.0
2D_4;29.0
2D_5;36.0
2D_6;42.0
2D_7;54.0
2D_8;62.0
2D_9;71.0
2D_10;76.0
2D_11;83.0
2D_12;102.0
2D_13;109.0
2D_14;117.0
2D_15;130.0
2D_16;145.0
2D_17;161.0
2D_18;178.0
2D_19;176.0
2D_20;204.0
2D_21;212.0
2D_22;218.0
2D_23;239.0
2D_24;249.0
2D_25;276.0
2D_26;297.0
2D_27;328.0
2D_28;340.0
2D_29;369.0
2D_30;392.0
2D_31;419.0
2D_32;399.0
2D_33;483.0
2D_34;467.0
2D_35;484.0
2D_36;515.0
2D_37;541.0
2D_38;582.0
2D_39;585.0
2D_40;598.0
2D_41;629.0
2D_42;657.0
2D_43;714.0
2D_44;696.0
2D_45;759.0
2D_46;759.0
2D_47;800.0
2D_48;829.0
2D_49;864.0
2D_50;866.0
2D_51;867.0
2D_52;872.0
2D_53;919.0
2D_54;930.0
2D_55;931.0
2D_56;928.0
2D_57;959.0
2D_58;972.0
2D_59;969.0
2D_60;976.0
2D_61;974.0
2D_62;986.0
2D_63;990.0
2D_64;987.0
2D_65;999.0
2D_66;999.0
2D_67;999.0
2D_68;998.0
2D_69;997.0
2D_70;1000.0
2D_71;999.0
2D_72;1000.0
2D_73;1000.0
2D_74;998.0
2D_75;999.0
2D_76;1000.0
2D_77;1000.0
2D_78;1000.0
2D_79;1000.0
2D_80;1000.0
2D_81;1000.0
2D_82;1000.0
2D_83;1000.0
2D_84;1000.0
2D_85;1000.0
2D_86;1000.0
2D_87;1000.0
2D_88;1000.0
2D_89;1000.0
2D_90;1000.0
2D_91;1000.0
2D_92;1000.0
2D_93;1000.0
2D_94;1000.0
2D_95;1000.0
2D_96;1000.0
2D_97;1000.0
2D_98;1000.0
2D_99;1000.0
