election_id;value
ID 0.5;0.46536731719970703
IC 0.5;96.76471948623657
full;0.22203326225280762
empty;0.011062145233154297
background_id_0;0.12187051773071289
background_id_1;0.18354439735412598
background_id_2;0.26694464683532715
background_id_3;1.6248562335968018
background_id_4;0.268707275390625
background_id_5;0.2739987373352051
background_id_6;0.27588510513305664
background_id_7;0.2726123332977295
background_id_8;0.2782163619995117
background_id_9;1.3572099208831787
background_id_10;0.29083847999572754
background_id_11;0.28907203674316406
background_id_12;0.29074692726135254
background_id_13;0.294452428817749
background_id_14;0.2927701473236084
background_id_15;0.29663562774658203
background_id_16;1.5041322708129883
background_id_17;0.3244326114654541
background_id_18;0.31957244873046875
background_id_19;0.32181692123413086
background_id_20;0.33026719093322754
background_id_21;0.34188199043273926
background_id_22;0.3316001892089844
background_id_23;0.3599872589111328
background_id_24;0.34243130683898926
background_id_25;0.3556950092315674
background_id_26;0.37876391410827637
background_id_27;0.3621337413787842
background_id_28;0.36333179473876953
background_ic_0;0.25546860694885254
background_ic_1;6.963469505310059
background_ic_2;72.86361527442932
background_ic_3;91.25858497619629
background_ic_4;288.76453256607056
background_ic_5;702.8871538639069
background_ic_6;789.168238401413
background_ic_7;160.0488064289093
background_ic_8;3486.496067762375
background_ic_9;1176.501888513565
background_ic_10;112.62166261672974
background_ic_11;182.29767632484436
background_ic_12;187.135586977005
background_ic_13;96.97485446929932
background_ic_14;177.514484167099
background_ic_15;80.09529995918274
background_ic_16;161.13513135910034
background_ic_17;27.238439798355103
background_ic_18;81.18254375457764
background_ic_19;37.47657060623169
background_ic_20;41.390172481536865
background_ic_21;6.69088339805603
background_ic_22;24.27286958694458
background_ic_23;1.4735498428344727
background_ic_24;1.8881449699401855
background_ic_25;1.1974830627441406
background_ic_26;0.9259085655212402
background_ic_27;0.980125904083252
background_ic_28;2.056628704071045
background_v1_0;0.0789635181427002
background_v1_1;0.14570164680480957
background_v1_2;0.18484854698181152
background_v1_3;0.45209717750549316
background_v1_4;0.43768739700317383
background_v1_5;2.081667184829712
background_v1_6;1.6090915203094482
background_v1_7;0.7551975250244141
background_v1_8;1.173872947692871
background_v1_9;1.622497320175171
background_v1_10;0.9058406352996826
background_v1_11;0.5289161205291748
background_v1_12;0.8548839092254639
background_v1_13;2.8841397762298584
background_v1_14;0.5311717987060547
background_v1_15;0.9064579010009766
background_v1_16;0.5882551670074463
background_v1_17;1.9277048110961914
background_v1_18;1.341198205947876
background_v1_19;0.9388141632080078
background_v1_20;1.697533369064331
background_v1_21;0.7372267246246338
background_v1_22;0.5665149688720703
background_v1_23;0.6226882934570312
background_v1_24;0.5862648487091064
background_v1_25;0.7103252410888672
background_v1_26;1.6979525089263916
background_v1_27;0.4812791347503662
background_v1_28;0.4487795829772949
background_v2_0;0.08202219009399414
background_v2_1;0.14769196510314941
background_v2_2;0.17525529861450195
background_v2_3;0.9623861312866211
background_v2_4;0.9423701763153076
background_v2_5;2.4756901264190674
background_v2_6;8.681973695755005
background_v2_7;3.989957809448242
background_v2_8;1.2653450965881348
background_v2_9;6.920745372772217
background_v2_10;1.865511417388916
background_v2_11;1.312770128250122
background_v2_12;21.443031311035156
background_v2_13;12.815715789794922
background_v2_14;74.29207444190979
background_v2_15;7.111625671386719
background_v2_16;1.2898452281951904
background_v2_17;1.1854312419891357
background_v2_18;2.5555920600891113
background_v2_19;1.0590791702270508
background_v2_20;1.6418139934539795
background_v2_21;0.8769698143005371
background_v2_22;0.9528968334197998
background_v2_23;0.8398869037628174
background_v2_24;0.7727358341217041
background_v2_25;2.1235530376434326
background_v2_26;0.7407894134521484
background_v2_27;0.6520330905914307
background_v2_28;0.5354914665222168
background_v3_0;0.130446195602417
background_v3_1;0.15306830406188965
background_v3_2;0.1737198829650879
background_v3_3;0.6528239250183105
background_v3_4;4.074872732162476
background_v3_5;5.019795656204224
background_v3_6;12.123716831207275
background_v3_7;18.504505395889282
background_v3_8;5.794638395309448
background_v3_9;31.195760488510132
background_v3_10;20.352084636688232
background_v3_11;27.798627614974976
background_v3_12;45.85582375526428
background_v3_13;15.908791065216064
background_v3_14;28.913246870040894
background_v3_15;7.13126277923584
background_v3_16;45.51604628562927
background_v3_17;8.719074487686157
background_v3_18;49.72899413108826
background_v3_19;47.65701222419739
background_v3_20;47.33942484855652
background_v3_21;2.2062933444976807
background_v3_22;31.532861948013306
background_v3_23;38.350454807281494
background_v3_24;0.6771047115325928
background_v3_25;2.580798387527466
background_v3_26;0.7944667339324951
background_v3_27;0.781653881072998
background_v3_28;0.5945916175842285
background_h1_0;0.19298195838928223
background_h1_1;1.5069403648376465
background_h1_2;0.17414021492004395
background_h1_3;0.16512727737426758
background_h1_4;0.1794753074645996
background_h2_0;0.3439497947692871
background_h2_1;0.5284106731414795
background_h2_2;0.7975633144378662
background_h2_3;2.121764659881592
background_h2_4;1.2321159839630127
background_h2_5;6.962862014770508
background_h2_6;11.36992597579956
background_h2_7;5.332157135009766
background_h2_8;6.082329750061035
background_h3_0;0.36829113960266113
background_h3_1;2.042262077331543
background_h3_2;1.2234790325164795
background_h3_3;0.8663339614868164
background_h3_4;16.096107482910156
background_h3_5;1.4173693656921387
background_h3_6;12.32931113243103
background_h3_7;10.912741661071777
background_h3_8;43.639516830444336
background_h3_9;10.566278219223022
background_h3_10;22.10680079460144
background_h3_11;20.906038522720337
background_h4_0;0.5083568096160889
background_h4_1;0.5258760452270508
background_h4_2;2.099531412124634
background_h4_3;1.1469089984893799
background_h4_4;1.6201932430267334
background_h4_5;2.45184588432312
background_h4_6;31.125621557235718
background_h4_7;15.404113531112671
background_h4_8;54.38761615753174
background_h4_9;46.63690757751465
background_h4_10;20.020888566970825
background_h4_11;45.1087384223938
background_h4_12;25.197874307632446
background_h5_0;0.5605003833770752
background_h5_1;0.47335362434387207
background_h5_2;2.369046211242676
background_h5_3;1.1775987148284912
background_h5_4;0.9358072280883789
background_h5_5;1.9339287281036377
background_h5_6;2.547595739364624
background_h5_7;1.9388160705566406
background_h5_8;42.18805003166199
background_h5_9;43.51970958709717
background_h5_10;17.26801347732544
background_h5_11;18.12858533859253
background_h5_12;15.982222080230713
background_h5_13;33.06078100204468
background_h6_0;0.5644066333770752
background_h6_1;1.823563575744629
background_h6_2;0.6455135345458984
background_h6_3;0.9474904537200928
background_h6_4;2.3732504844665527
background_h6_5;1.0831544399261475
background_h6_6;1.8023006916046143
background_h6_7;63.12730526924133
background_h6_8;42.84343862533569
background_h6_9;10.982585430145264
background_h6_10;2.1590731143951416
background_h6_11;14.942479372024536
background_h6_12;8.571166276931763
background_h7_0;0.5362181663513184
background_h7_1;0.7509944438934326
background_h7_2;1.978210687637329
background_h7_3;0.5319435596466064
background_h7_4;2.3430535793304443
background_h7_5;0.7286322116851807
background_h7_6;1.310056209564209
background_h7_7;2.039999485015869
background_h7_8;26.240978956222534
background_h7_9;2.965122699737549
background_h7_10;41.62423372268677
background_h7_11;40.599589586257935
background_h8_0;0.5536367893218994
background_h8_1;0.7902102470397949
background_h8_2;0.7969951629638672
background_h8_3;2.315657138824463
background_h8_4;0.9288756847381592
background_h8_5;0.663055419921875
background_h8_6;2.4233944416046143
background_h8_7;1.1316781044006348
background_h8_8;1.2503058910369873
background_h9_0;1.8064591884613037
background_h9_1;0.5565915107727051
background_h9_2;0.6997880935668945
background_h9_3;0.8343095779418945
background_h9_4;2.7937026023864746
1D_0;0.02855205535888672
1D_1;0.0461277961730957
1D_2;0.06300759315490723
1D_3;0.07749247550964355
1D_4;0.09645247459411621
1D_5;0.10512280464172363
1D_6;1.3883414268493652
1D_7;0.13020730018615723
1D_8;0.13823699951171875
1D_9;0.16750836372375488
1D_10;0.15978240966796875
1D_11;0.1663672924041748
1D_12;0.17419862747192383
1D_13;1.250861406326294
1D_14;0.1892545223236084
1D_15;0.18336129188537598
1D_16;0.19450998306274414
1D_17;0.18813848495483398
1D_18;0.19978022575378418
1D_19;0.20624518394470215
1D_20;1.301924467086792
1D_21;0.2074413299560547
1D_22;0.2099289894104004
1D_23;0.2069988250732422
1D_24;0.21485447883605957
1D_25;0.21745872497558594
1D_26;0.22515869140625
1D_27;1.2869203090667725
1D_28;0.24586176872253418
1D_29;0.22961115837097168
1D_30;0.21962451934814453
1D_31;0.2249317169189453
1D_32;0.2284390926361084
1D_33;1.3335766792297363
1D_34;0.2309103012084961
1D_35;0.2353987693786621
1D_36;0.23524236679077148
1D_37;0.26839160919189453
1D_38;0.25684428215026855
1D_39;0.267592191696167
1D_40;1.348909854888916
1D_41;0.2707347869873047
1D_42;0.25206613540649414
1D_43;0.26883625984191895
1D_44;0.27234959602355957
1D_45;0.2672879695892334
1D_46;0.26852846145629883
1D_47;1.3638877868652344
1D_48;0.2756683826446533
1D_49;0.2873704433441162
1D_50;0.28176379203796387
1D_51;0.2803952693939209
1D_52;0.2844274044036865
1D_53;1.4017553329467773
1D_54;0.3038489818572998
1D_55;0.29535341262817383
1D_56;0.28397417068481445
1D_57;0.299243688583374
1D_58;0.31319594383239746
1D_59;0.3094174861907959
1D_60;1.4021780490875244
1D_61;0.31542229652404785
1D_62;0.306485652923584
1D_63;0.30176305770874023
1D_64;0.3074455261230469
1D_65;0.3202662467956543
1D_66;0.314833402633667
1D_67;1.3911795616149902
1D_68;0.32623887062072754
1D_69;0.32045984268188477
1D_70;0.32409095764160156
1D_71;0.3306715488433838
1D_72;0.3314499855041504
1D_73;1.3934428691864014
1D_74;0.3389112949371338
1D_75;0.33766770362854004
1D_76;0.3444960117340088
1D_77;0.3316762447357178
1D_78;0.3238508701324463
1D_79;0.33365797996520996
1D_80;1.4397778511047363
1D_81;0.3327908515930176
1D_82;0.34251856803894043
1D_83;0.321516752243042
1D_84;0.336423397064209
1D_85;0.34003615379333496
1D_86;0.3517577648162842
1D_87;1.4141809940338135
1D_88;0.3526008129119873
1D_89;0.35859107971191406
1D_90;0.3595447540283203
1D_91;0.36158204078674316
1D_92;0.34997081756591797
1D_93;1.4116647243499756
1D_94;0.35872769355773926
1D_95;0.36849045753479004
1D_96;0.3520011901855469
1D_97;0.3968794345855713
1D_98;0.4112112522125244
1D_99;0.3569352626800537
2D_0;0.011835575103759766
2D_1;0.014466285705566406
2D_2;0.019271373748779297
2D_3;0.021419048309326172
2D_4;0.025029659271240234
2D_5;0.0291292667388916
2D_6;0.03551626205444336
2D_7;0.04393935203552246
2D_8;0.055306434631347656
2D_9;0.06339097023010254
2D_10;0.07395648956298828
2D_11;0.08895301818847656
2D_12;0.10129714012145996
2D_13;0.11381101608276367
2D_14;0.14507532119750977
2D_15;0.25218677520751953
2D_16;0.201704740524292
2D_17;0.220017671585083
2D_18;1.2352795600891113
2D_19;0.3290536403656006
2D_20;0.41779470443725586
2D_21;0.23704195022583008
2D_22;0.344437837600708
2D_23;0.24748826026916504
2D_24;0.27237653732299805
2D_25;1.3480134010314941
2D_26;0.26947760581970215
2D_27;0.30062413215637207
2D_28;0.2790646553039551
2D_29;0.2961595058441162
2D_30;0.28722190856933594
2D_31;0.28619909286499023
2D_32;1.3596460819244385
2D_33;0.4369678497314453
2D_34;0.3087146282196045
2D_35;0.321643590927124
2D_36;0.326979398727417
2D_37;0.30713677406311035
2D_38;1.4384145736694336
2D_39;0.3348119258880615
2D_40;0.3408176898956299
2D_41;0.3719024658203125
2D_42;0.5429034233093262
2D_43;0.3561079502105713
2D_44;0.3509409427642822
2D_45;1.595106840133667
2D_46;0.3712124824523926
2D_47;0.3662886619567871
2D_48;0.3781471252441406
2D_49;0.3963284492492676
2D_50;0.3851931095123291
2D_51;0.3861222267150879
2D_52;1.4853324890136719
2D_53;0.37250757217407227
2D_54;0.37744784355163574
2D_55;0.3828456401824951
2D_56;0.39379048347473145
2D_57;0.39214205741882324
2D_58;1.4521236419677734
2D_59;0.3801436424255371
2D_60;0.38398241996765137
2D_61;0.3897373676300049
2D_62;0.3810465335845947
2D_63;0.38935184478759766
2D_64;0.3798809051513672
2D_65;1.4927456378936768
2D_66;0.38320040702819824
2D_67;0.4325833320617676
2D_68;0.39131617546081543
2D_69;0.4209287166595459
2D_70;0.42712855339050293
2D_71;0.4266178607940674
2D_72;1.464493989944458
2D_73;0.4227924346923828
2D_74;0.43445920944213867
2D_75;0.4331481456756592
2D_76;0.4181952476501465
2D_77;0.4120504856109619
2D_78;1.4858183860778809
2D_79;0.4458272457122803
2D_80;0.410205602645874
2D_81;0.4353306293487549
2D_82;0.42054080963134766
2D_83;0.40816569328308105
2D_84;0.42598915100097656
2D_85;1.4846258163452148
2D_86;0.4232785701751709
2D_87;0.35265302658081055
2D_88;0.352130651473999
2D_89;0.411759614944458
2D_90;0.42654871940612793
2D_91;0.4014017581939697
2D_92;0.4001612663269043
2D_93;0.3856782913208008
2D_94;0.41292905807495117
2D_95;0.38329529762268066
2D_96;0.38051915168762207
2D_97;0.36556267738342285
2D_98;1.4322404861450195
2D_99;0.37705326080322266
