election_id;x;y
ID 0.5;1.64905;0.07602
IC 0.5;0.49653;0.07602
full;1.09764;1.06854
empty;1.13885;-0.93045
background_id_0;1.26672;-0.87739
background_id_1;1.34638;-0.81774
background_id_2;1.43368;-0.71907
background_id_3;1.46827;-0.64693
background_id_4;1.50222;-0.59006
background_id_5;1.53878;-0.5147
background_id_6;1.56111;-0.45212
background_id_7;1.58732;-0.39441
background_id_8;1.61191;-0.31328
background_id_9;1.62326;-0.24641
background_id_10;1.63055;-0.1848
background_id_11;1.63942;-0.11784
background_id_12;1.64459;-0.05851
background_id_13;1.64723;-0.00238
background_id_14;1.64905;0.07602
background_id_15;1.64668;0.14559
background_id_16;1.64372;0.20309
background_id_17;1.63607;0.27498
background_id_18;1.62421;0.3403
background_id_19;1.60947;0.39729
background_id_20;1.59286;0.46827
background_id_21;1.57274;0.53074
background_id_22;1.54961;0.58886
background_id_23;1.52237;0.66487
background_id_24;1.48803;0.73166
background_id_25;1.44916;0.79019
background_id_26;1.40067;0.86471
background_id_27;1.33668;0.94155
background_id_28;1.25552;1.00308
background_ic_0;1.02706;-0.88315
background_ic_1;0.93178;-0.83452
background_ic_2;0.83225;-0.75113
background_ic_3;0.78045;-0.68521
background_ic_4;0.7283;-0.62724
background_ic_5;0.67469;-0.55607
background_ic_6;0.64635;-0.49051
background_ic_7;0.6088;-0.42955
background_ic_8;0.56993;-0.35679
background_ic_9;0.55748;-0.28188
background_ic_10;0.53632;-0.21735
background_ic_11;0.50896;-0.14504
background_ic_12;0.51145;-0.07987
background_ic_13;0.50254;-0.01621
background_ic_14;0.48536;0.05179
background_ic_15;0.50489;0.13582
background_ic_16;0.50532;0.1986
background_ic_17;0.50133;0.26793
background_ic_18;0.52722;0.34354
background_ic_19;0.54541;0.40211
background_ic_20;0.5511;0.46765
background_ic_21;0.58907;0.54609
background_ic_22;0.61978;0.60588
background_ic_23;0.64717;0.67297
background_ic_24;0.70079;0.74817
background_ic_25;0.74827;0.80685
background_ic_26;0.79183;0.87303
background_ic_27;0.88829;0.96464
background_ic_28;0.98709;1.01818
background_v1_0;1.20386;-0.87376
background_v1_1;1.24;-0.8129
background_v1_2;1.29407;-0.7464
background_v1_3;1.33826;-0.6288
background_v1_4;1.32849;-0.57565
background_v1_5;1.34824;-0.5088
background_v1_6;1.35112;-0.42307
background_v1_7;1.35436;-0.37366
background_v1_8;1.34877;-0.31074
background_v1_9;1.35764;-0.22515
background_v1_10;1.38578;-0.18025
background_v1_11;1.38746;-0.11608
background_v1_12;1.37835;-0.04852
background_v1_13;1.40018;-0.00294
background_v1_14;1.39554;0.08006
background_v1_15;1.39187;0.13437
background_v1_16;1.36091;0.17582
background_v1_17;1.35712;0.26788
background_v1_18;1.35217;0.32732
background_v1_19;1.37149;0.37719
background_v1_20;1.35351;0.45649
background_v1_21;1.34037;0.50732
background_v1_22;1.36485;0.55622
background_v1_23;1.32015;0.66689
background_v1_24;1.30923;0.72086
background_v1_25;1.30666;0.76853
background_v1_26;1.26579;0.89074
background_v1_27;1.22281;0.94909
background_v1_28;1.18175;1.00121
background_v2_0;1.14482;-0.87341
background_v2_1;1.12086;-0.82382
background_v2_2;1.11726;-0.76747
background_v2_3;1.07717;-0.62999
background_v2_4;1.11717;-0.58538
background_v2_5;1.04405;-0.54943
background_v2_6;1.0655;-0.42473
background_v2_7;1.01431;-0.39585
background_v2_8;1.04562;-0.33706
background_v2_9;1.05541;-0.23491
background_v2_10;0.99702;-0.20676
background_v2_11;1.05919;-0.15134
background_v2_12;1.00429;-0.04583
background_v2_13;1.05553;-0.008
background_v2_14;1.05798;0.09587
background_v2_15;1.0069;0.14533
background_v2_16;1.04286;0.18413
background_v2_17;1.03452;0.26988
background_v2_18;1.02311;0.32228
background_v2_19;0.98475;0.36158
background_v2_20;1.01158;0.48208
background_v2_21;1.03435;0.52539
background_v2_22;0.99257;0.56872
background_v2_23;1.02967;0.67674
background_v2_24;1.04324;0.72462
background_v2_25;1.08664;0.75411
background_v2_26;1.07565;0.90566
background_v2_27;1.10485;0.95451
background_v2_28;1.1166;1.00594
background_v3_0;1.07887;-0.87702
background_v3_1;1.00762;-0.82783
background_v3_2;0.94454;-0.76671
background_v3_3;0.8964;-0.66491
background_v3_4;0.85605;-0.62807
background_v3_5;0.82813;-0.56652
background_v3_6;0.7833;-0.4721
background_v3_7;0.76287;-0.42349
background_v3_8;0.74469;-0.34669
background_v3_9;0.72496;-0.27202
background_v3_10;0.69753;-0.22362
background_v3_11;0.68852;-0.16059
background_v3_12;0.67657;-0.06712
background_v3_13;0.67431;-0.01238
background_v3_14;0.67251;0.08179
background_v3_15;0.67545;0.14014
background_v3_16;0.68333;0.18847
background_v3_17;0.68231;0.25737
background_v3_18;0.69765;0.34169
background_v3_19;0.71128;0.39034
background_v3_20;0.73333;0.48939
background_v3_21;0.73994;0.55269
background_v3_22;0.76383;0.59627
background_v3_23;0.79838;0.69531
background_v3_24;0.82797;0.74269
background_v3_25;0.8583;0.78413
background_v3_26;0.91824;0.90796
background_v3_27;0.98059;0.96179
background_v3_28;1.04575;1.0101
background_h1_0;1.35043;-0.69979
background_h1_1;1.23771;-0.7519
background_h1_2;1.13808;-0.76527
background_h1_3;1.00549;-0.76856
background_h1_4;0.89362;-0.76132
background_h2_0;1.47067;-0.50671
background_h2_1;1.39459;-0.51676
background_h2_2;1.28137;-0.51881
background_h2_3;1.20359;-0.52114
background_h2_4;1.06668;-0.5431
background_h2_5;0.95217;-0.56695
background_h2_6;0.86918;-0.56433
background_h2_7;0.78082;-0.56837
background_h2_8;0.72304;-0.55561
background_h3_0;1.53717;-0.32508
background_h3_1;1.45395;-0.32292
background_h3_2;1.38633;-0.31547
background_h3_3;1.29113;-0.30504
background_h3_4;1.21854;-0.32093
background_h3_5;1.12301;-0.33282
background_h3_6;0.97513;-0.34813
background_h3_7;0.89054;-0.37193
background_h3_8;0.79242;-0.36126
background_h3_9;0.72615;-0.37153
background_h3_10;0.66057;-0.37064
background_h3_11;0.6125;-0.33802
background_h4_0;1.55918;-0.10834
background_h4_1;1.49627;-0.11123
background_h4_2;1.43522;-0.10808
background_h4_3;1.32258;-0.12806
background_h4_4;1.25369;-0.13931
background_h4_5;1.1654;-0.14457
background_h4_6;1.03162;-0.14973
background_h4_7;0.89778;-0.17319
background_h4_8;0.80834;-0.17177
background_h4_9;0.73192;-0.15733
background_h4_10;0.65165;-0.15946
background_h4_11;0.60157;-0.15442
background_h4_12;0.55439;-0.14456
background_h5_0;1.56944;0.07628
background_h5_1;1.50916;0.06973
background_h5_2;1.45127;0.0709
background_h5_3;1.35075;0.0889
background_h5_4;1.28216;0.08268
background_h5_5;1.20869;0.10228
background_h5_6;1.10417;0.09798
background_h5_7;0.98689;0.04718
background_h5_8;0.82652;0.02446
background_h5_9;0.75046;0.02765
background_h5_10;0.69405;0.04874
background_h5_11;0.6321;0.07701
background_h5_12;0.57797;0.0703
background_h5_13;0.54024;0.04881
background_h6_0;1.56115;0.26697
background_h6_1;1.49659;0.28591
background_h6_2;1.42509;0.23101
background_h6_3;1.31443;0.26006
background_h6_4;1.22299;0.28949
background_h6_5;1.13794;0.26695
background_h6_6;1.05715;0.27494
background_h6_7;0.88448;0.30088
background_h6_8;0.79029;0.23496
background_h6_9;0.72828;0.28131
background_h6_10;0.64358;0.27492
background_h6_11;0.59767;0.28661
background_h6_12;0.55023;0.26205
background_h7_0;1.52028;0.45591
background_h7_1;1.45773;0.46843
background_h7_2;1.38688;0.45739
background_h7_3;1.28402;0.45149
background_h7_4;1.19327;0.4654
background_h7_5;1.09631;0.47933
background_h7_6;0.935;0.49714
background_h7_7;0.8498;0.49446
background_h7_8;0.78134;0.49105
background_h7_9;0.69278;0.48699
background_h7_10;0.64723;0.48755
background_h7_11;0.59672;0.46197
background_h8_0;1.45271;0.63152
background_h8_1;1.37512;0.67727
background_h8_2;1.24879;0.67806
background_h8_3;1.1633;0.67081
background_h8_4;1.00093;0.67713
background_h8_5;0.92536;0.69552
background_h8_6;0.8462;0.6879
background_h8_7;0.74966;0.68342
background_h8_8;0.69655;0.67248
background_h9_0;1.32561;0.87149
background_h9_1;1.20126;0.89918
background_h9_2;1.09783;0.89974
background_h9_3;0.97301;0.90614
background_h9_4;0.85621;0.89684
truncated_urn_1_0;0.88484;-0.72114
truncated_urn_1_1;0.98755;-0.72761
truncated_urn_1_2;0.94715;-0.69539
truncated_urn_1_3;0.9561;-0.72388
truncated_urn_1_4;1.07978;-0.68751
truncated_urn_1_5;1.04864;-0.71973
truncated_urn_1_6;0.983;-0.68802
truncated_urn_1_7;1.12898;-0.65346
truncated_urn_1_8;1.22803;-0.70156
truncated_urn_1_9;1.0484;-0.66138
truncated_urn_1_10;1.18193;-0.68021
truncated_urn_1_11;1.02525;-0.69336
truncated_urn_1_12;1.14526;-0.71832
truncated_urn_1_13;1.12099;-0.68693
truncated_urn_1_14;1.07132;-0.74532
truncated_urn_1_15;1.18575;-0.72395
truncated_urn_1_16;1.09999;-0.71924
truncated_urn_1_17;1.29766;-0.68969
truncated_urn_1_18;1.16272;-0.64603
truncated_urn_1_19;1.29779;-0.63449
truncated_urn_1_20;1.26435;-0.71256
truncated_urn_1_21;1.26178;-0.65879
truncated_urn_1_22;1.22627;-0.63438
truncated_urn_1_23;1.34033;-0.72812
truncated_urn_1_24;1.39009;-0.69437
truncated_urn_2_0;0.7744;-0.52389
truncated_urn_2_1;0.85866;-0.50716
truncated_urn_2_2;0.92156;-0.5028
truncated_urn_2_3;0.81758;-0.51791
truncated_urn_2_4;0.94753;-0.47707
truncated_urn_2_5;1.03541;-0.50687
truncated_urn_2_6;1.1511;-0.49938
truncated_urn_2_7;0.91264;-0.5373
truncated_urn_2_8;0.89342;-0.47432
truncated_urn_2_9;1.20594;-0.43454
truncated_urn_2_10;1.12297;-0.51078
truncated_urn_2_11;0.99814;-0.5033
truncated_urn_2_12;1.12801;-0.43622
truncated_urn_2_13;1.31152;-0.47672
truncated_urn_2_14;1.10128;-0.46323
truncated_urn_2_15;1.19341;-0.47729
truncated_urn_2_16;1.08699;-0.49389
truncated_urn_2_17;1.29077;-0.43895
truncated_urn_2_18;1.04464;-0.47094
truncated_urn_2_19;1.38454;-0.45881
truncated_urn_2_20;0.96614;-0.52096
truncated_urn_2_21;1.43236;-0.48162
truncated_urn_2_22;0.9967;-0.46527
truncated_urn_2_23;1.15484;-0.45795
truncated_urn_2_24;1.26817;-0.48186
truncated_urn_3_0;0.69109;-0.34534
truncated_urn_3_1;0.68689;-0.31493
truncated_urn_3_2;0.77376;-0.31121
truncated_urn_3_3;0.83199;-0.31654
truncated_urn_3_4;0.84754;-0.34715
truncated_urn_3_5;0.88895;-0.32686
truncated_urn_3_6;0.94386;-0.31645
truncated_urn_3_7;0.87815;-0.28371
truncated_urn_3_8;0.82226;-0.28527
truncated_urn_3_9;1.19903;-0.28197
truncated_urn_3_10;1.08215;-0.31657
truncated_urn_3_11;0.91251;-0.28527
truncated_urn_3_12;0.99889;-0.31258
truncated_urn_3_13;1.34021;-0.27633
truncated_urn_3_14;1.07279;-0.28162
truncated_urn_3_15;1.13936;-0.29473
truncated_urn_3_16;1.11566;-0.26164
truncated_urn_3_17;1.15849;-0.26496
truncated_urn_3_18;1.38426;-0.27631
truncated_urn_3_19;1.45985;-0.27234
truncated_urn_3_20;0.96174;-0.28145
truncated_urn_3_21;1.01626;-0.27822
truncated_urn_3_22;1.53349;-0.27486
truncated_urn_3_23;1.25577;-0.26713
truncated_urn_3_24;1.50449;-0.30518
truncated_urn_4_0;0.6402;-0.1174
truncated_urn_4_1;0.69889;-0.11586
truncated_urn_4_2;0.78591;-0.08918
truncated_urn_4_3;0.75182;-0.10951
truncated_urn_4_4;0.86474;-0.14446
truncated_urn_4_5;0.99818;-0.09552
truncated_urn_4_6;0.77454;-0.14819
truncated_urn_4_7;0.9052;-0.12458
truncated_urn_4_8;1.19218;-0.08302
truncated_urn_4_9;1.04314;-0.08914
truncated_urn_4_10;0.85909;-0.10407
truncated_urn_4_11;0.82019;-0.11733
truncated_urn_4_12;0.99863;-0.12685
truncated_urn_4_13;1.12911;-0.10269
truncated_urn_4_14;0.95347;-0.11853
truncated_urn_4_15;1.22069;-0.12021
truncated_urn_4_16;1.27984;-0.09997
truncated_urn_4_17;1.0734;-0.10426
truncated_urn_4_18;0.90152;-0.08511
truncated_urn_4_19;1.09464;-0.13628
truncated_urn_4_20;1.09714;-0.07593
truncated_urn_4_21;1.35051;-0.09306
truncated_urn_4_22;1.24586;-0.08293
truncated_urn_4_23;0.95533;-0.08244
truncated_urn_4_24;0.94702;-0.15259
truncated_urn_5_0;0.61858;0.03472
truncated_urn_5_1;0.72856;0.0848
truncated_urn_5_2;0.77928;0.10209
truncated_urn_5_3;0.77163;0.06475
truncated_urn_5_4;0.87499;0.0779
truncated_urn_5_5;0.93998;0.0999
truncated_urn_5_6;0.93461;0.03173
truncated_urn_5_7;0.90228;0.1093
truncated_urn_5_8;1.17457;0.02859
truncated_urn_5_9;0.8091;0.06692
truncated_urn_5_10;0.84914;0.04959
truncated_urn_5_11;0.98472;0.09943
truncated_urn_5_12;1.09563;0.05896
truncated_urn_5_13;0.90831;0.0665
truncated_urn_5_14;0.95685;0.05843
truncated_urn_5_15;1.05688;0.05239
truncated_urn_5_16;1.37337;0.04949
truncated_urn_5_17;1.1643;0.10389
truncated_urn_5_18;0.83921;0.09381
truncated_urn_5_19;0.89208;0.02796
truncated_urn_5_20;1.14825;0.0634
truncated_urn_5_21;1.02922;0.07246
truncated_urn_5_22;1.33753;0.05167
truncated_urn_5_23;1.24929;0.04711
truncated_urn_5_24;1.20761;0.06049
truncated_urn_6_0;0.61818;0.23633
truncated_urn_6_1;0.71029;0.23672
truncated_urn_6_2;0.80374;0.28523
truncated_urn_6_3;0.68166;0.28916
truncated_urn_6_4;0.83595;0.27729
truncated_urn_6_5;0.76887;0.2647
truncated_urn_6_6;0.96488;0.23675
truncated_urn_6_7;1.00545;0.23162
truncated_urn_6_8;0.87659;0.21931
truncated_urn_6_9;0.83627;0.23308
truncated_urn_6_10;0.87684;0.2571
truncated_urn_6_11;1.40257;0.28753
truncated_urn_6_12;1.18066;0.20908
truncated_urn_6_13;1.09686;0.23826
truncated_urn_6_14;0.92306;0.22839
truncated_urn_6_15;1.26241;0.26749
truncated_urn_6_16;0.92551;0.2751
truncated_urn_6_17;1.37955;0.23545
truncated_urn_6_18;1.48821;0.23876
truncated_urn_6_19;0.98074;0.27387
truncated_urn_6_20;1.06448;0.23312
truncated_urn_6_21;1.23324;0.23341
truncated_urn_6_22;1.27343;0.21449
truncated_urn_6_23;1.4412;0.27112
truncated_urn_6_24;1.18305;0.25149
truncated_urn_7_0;0.66626;0.44494
truncated_urn_7_1;0.73206;0.44581
truncated_urn_7_2;0.93711;0.46301
truncated_urn_7_3;0.76818;0.4312
truncated_urn_7_4;0.9031;0.43799
truncated_urn_7_5;0.81147;0.45734
truncated_urn_7_6;0.82735;0.42525
truncated_urn_7_7;0.85755;0.41529
truncated_urn_7_8;1.13781;0.40278
truncated_urn_7_9;0.96937;0.41038
truncated_urn_7_10;1.0064;0.42597
truncated_urn_7_11;0.86668;0.45943
truncated_urn_7_12;0.97632;0.45313
truncated_urn_7_13;1.22841;0.4407
truncated_urn_7_14;1.04762;0.45107
truncated_urn_7_15;1.03989;0.40354
truncated_urn_7_16;0.93357;0.41071
truncated_urn_7_17;1.24071;0.39761
truncated_urn_7_18;1.19382;0.38893
truncated_urn_7_19;1.10303;0.43909
truncated_urn_7_20;1.07632;0.41654
truncated_urn_7_21;1.33637;0.42291
truncated_urn_7_22;1.14422;0.44453
truncated_urn_7_23;1.10021;0.3846
truncated_urn_7_24;1.43094;0.43363
truncated_urn_8_0;0.7764;0.64606
truncated_urn_8_1;0.82513;0.64786
truncated_urn_8_2;0.8269;0.62165
truncated_urn_8_3;0.8902;0.61919
truncated_urn_8_4;0.89444;0.65669
truncated_urn_8_5;1.06219;0.64664
truncated_urn_8_6;1.0818;0.61584
truncated_urn_8_7;0.94304;0.65169
truncated_urn_8_8;1.10395;0.64818
truncated_urn_8_9;0.92748;0.60575
truncated_urn_8_10;1.04326;0.59549
truncated_urn_8_11;1.27741;0.64445
truncated_urn_8_12;1.00968;0.62344
truncated_urn_8_13;1.13078;0.61993
truncated_urn_8_14;1.33713;0.61973
truncated_urn_8_15;1.26279;0.6041
truncated_urn_8_16;1.24734;0.56691
truncated_urn_8_17;1.22404;0.62754
truncated_urn_8_18;1.37224;0.63473
truncated_urn_8_19;1.4283;0.66521
truncated_urn_8_20;1.17342;0.62124
truncated_urn_8_21;1.10961;0.58768
truncated_urn_8_22;1.18999;0.57751
truncated_urn_8_23;0.96409;0.62159
truncated_urn_8_24;1.29673;0.57583
truncated_urn_9_0;0.85281;0.85461
truncated_urn_9_1;0.90708;0.86117
truncated_urn_9_2;0.93729;0.82161
truncated_urn_9_3;0.94812;0.85784
truncated_urn_9_4;0.88789;0.82865
truncated_urn_9_5;0.96999;0.82244
truncated_urn_9_6;0.98855;0.85697
truncated_urn_9_7;1.13865;0.87114
truncated_urn_9_8;1.09063;0.8039
truncated_urn_9_9;1.03005;0.8254
truncated_urn_9_10;1.05052;0.80166
truncated_urn_9_11;1.18262;0.77436
truncated_urn_9_12;1.01997;0.87936
truncated_urn_9_13;1.21691;0.82758
truncated_urn_9_14;1.28801;0.85039
truncated_urn_9_15;0.99636;0.80227
truncated_urn_9_16;1.05339;0.8604
truncated_urn_9_17;1.16549;0.85472
truncated_urn_9_18;1.19563;0.79924
truncated_urn_9_19;1.32401;0.8181
truncated_urn_9_20;1.1365;0.8296
truncated_urn_9_21;1.15035;0.7913
truncated_urn_9_22;1.09606;0.84542
truncated_urn_9_23;1.26019;0.80547
truncated_urn_9_24;1.21232;0.86176
