election_id;x;y
ID 0.5;1.40411;0.17021
IC 0.5;0.08354;0.17021
full;0.74915;1.24708
empty;0.75686;-0.91034
background_id_0;0.90298;-0.86086
background_id_1;0.98822;-0.79834
background_id_2;1.07268;-0.71742
background_id_3;1.12483;-0.64827
background_id_4;1.17671;-0.58611
background_id_5;1.22398;-0.50452
background_id_6;1.25879;-0.43339
background_id_7;1.29293;-0.36671
background_id_8;1.31583;-0.284
background_id_9;1.34011;-0.21309
background_id_10;1.36336;-0.14455
background_id_11;1.36138;-0.06193
background_id_12;1.39322;0.00483
background_id_13;1.37846;0.07442
background_id_14;1.3844;0.16777
background_id_15;1.37309;0.25263
background_id_16;1.39541;0.32065
background_id_17;1.36143;0.3971
background_id_18;1.36669;0.47099
background_id_19;1.34054;0.53883
background_id_20;1.31433;0.61847
background_id_21;1.29707;0.69268
background_id_22;1.2611;0.75865
background_id_23;1.22156;0.83778
background_id_24;1.18391;0.9105
background_id_25;1.13265;0.97318
background_id_26;1.07161;1.05092
background_id_27;1.00387;1.12176
background_id_28;0.92277;1.18559
background_ic_0;0.64861;-0.83368
background_ic_1;0.572;-0.76252
background_ic_2;0.49242;-0.69453
background_ic_3;0.4405;-0.62309
background_ic_4;0.3791;-0.56176
background_ic_5;0.31534;-0.4942
background_ic_6;0.28525;-0.41357
background_ic_7;0.23891;-0.3568
background_ic_8;0.19226;-0.28878
background_ic_9;0.1782;-0.20468
background_ic_10;0.14692;-0.14074
background_ic_11;0.11982;-0.06795
background_ic_12;0.11284;0.01201
background_ic_13;0.11446;0.08243
background_ic_14;0.10853;0.15873
background_ic_15;0.11182;0.2501
background_ic_16;0.11482;0.32176
background_ic_17;0.11176;0.40092
background_ic_18;0.14942;0.47116
background_ic_19;0.17435;0.53858
background_ic_20;0.18464;0.61931
background_ic_21;0.23141;0.69052
background_ic_22;0.27846;0.75202
background_ic_23;0.30843;0.8278
background_ic_24;0.37712;0.90038
background_ic_25;0.43299;0.96017
background_ic_26;0.48543;1.02862
background_ic_27;0.56639;1.10211
background_ic_28;0.64487;1.17421
background_v1_0;0.83784;-0.84108
background_v1_1;0.88257;-0.76335
background_v1_2;0.92425;-0.67873
background_v1_3;0.94092;-0.59519
background_v1_4;0.96737;-0.53682
background_v1_5;0.9789;-0.45343
background_v1_6;1.01237;-0.38406
background_v1_7;0.9812;-0.32146
background_v1_8;1.00467;-0.24213
background_v1_9;0.98217;-0.1638
background_v1_10;1.03638;-0.11792
background_v1_11;1.01668;-0.0371
background_v1_12;0.99426;0.03752
background_v1_13;1.04755;0.08518
background_v1_14;1.03025;0.1692
background_v1_15;0.99689;0.24268
background_v1_16;1.04509;0.29367
background_v1_17;1.00969;0.37193
background_v1_18;1.0407;0.44966
background_v1_19;0.9849;0.49441
background_v1_20;0.99045;0.57885
background_v1_21;1.01545;0.6556
background_v1_22;0.96609;0.70821
background_v1_23;0.97293;0.78868
background_v1_24;0.97573;0.86478
background_v1_25;0.94073;0.92296
background_v1_26;0.92011;1.01169
background_v1_27;0.88823;1.09088
background_v1_28;0.85113;1.1697
background_v2_0;0.77678;-0.82645
background_v2_1;0.76748;-0.74824
background_v2_2;0.76433;-0.65925
background_v2_3;0.76013;-0.57561
background_v2_4;0.72464;-0.5182
background_v2_5;0.71919;-0.43487
background_v2_6;0.73824;-0.35769
background_v2_7;0.6842;-0.31136
background_v2_8;0.70808;-0.23364
background_v2_9;0.71363;-0.1606
background_v2_10;0.65558;-0.11477
background_v2_11;0.66372;-0.02393
background_v2_12;0.7081;0.03916
background_v2_13;0.66335;0.09226
background_v2_14;0.67535;0.16992
background_v2_15;0.70776;0.24155
background_v2_16;0.64896;0.28891
background_v2_17;0.65938;0.37462
background_v2_18;0.71718;0.43811
background_v2_19;0.66939;0.49341
background_v2_20;0.70539;0.56629
background_v2_21;0.70575;0.63899
background_v2_22;0.74036;0.69279
background_v2_23;0.7337;0.77654
background_v2_24;0.72499;0.85174
background_v2_25;0.76677;0.90737
background_v2_26;0.77099;0.99222
background_v2_27;0.7747;1.08013
background_v2_28;0.78178;1.15873
background_v3_0;0.70854;-0.82652
background_v3_1;0.66613;-0.74676
background_v3_2;0.61832;-0.66217
background_v3_3;0.58233;-0.5855
background_v3_4;0.53181;-0.53379
background_v3_5;0.50809;-0.44911
background_v3_6;0.49058;-0.3762
background_v3_7;0.43047;-0.33143
background_v3_8;0.44447;-0.24993
background_v3_9;0.42373;-0.1746
background_v3_10;0.37304;-0.12329
background_v3_11;0.38517;-0.04562
background_v3_12;0.35808;0.02848
background_v3_13;0.37032;0.09012
background_v3_14;0.36203;0.17252
background_v3_15;0.3388;0.2474
background_v3_16;0.39002;0.29264
background_v3_17;0.38362;0.37337
background_v3_18;0.36008;0.45268
background_v3_19;0.41556;0.50418
background_v3_20;0.43622;0.58161
background_v3_21;0.43316;0.66493
background_v3_22;0.49029;0.71287
background_v3_23;0.50191;0.7935
background_v3_24;0.53024;0.86825
background_v3_25;0.58404;0.92301
background_v3_26;0.61419;1.00359
background_v3_27;0.66209;1.08314
background_v3_28;0.71256;1.16006
background_h1_0;0.98772;-0.67984
background_h1_1;0.8682;-0.65743
background_h1_2;0.78084;-0.64849
background_h1_3;0.67486;-0.65458
background_h1_4;0.56136;-0.67716
background_h2_0;1.13306;-0.46884
background_h2_1;1.04629;-0.4645
background_h2_2;0.91198;-0.44221
background_h2_3;0.83974;-0.43178
background_h2_4;0.75763;-0.44077
background_h2_5;0.63918;-0.43633
background_h2_6;0.56735;-0.44223
background_h2_7;0.45437;-0.46713
background_h2_8;0.3826;-0.46986
background_h3_0;1.21571;-0.25692
background_h3_1;1.13695;-0.2543
background_h3_2;1.05551;-0.24177
background_h3_3;0.92296;-0.23407
background_h3_4;0.8446;-0.2298
background_h3_5;0.77201;-0.2272
background_h3_6;0.64315;-0.22628
background_h3_7;0.57133;-0.24051
background_h3_8;0.50524;-0.23718
background_h3_9;0.39479;-0.25229
background_h3_10;0.32459;-0.26211
background_h3_11;0.25604;-0.25584
background_h4_0;1.25947;-0.04655
background_h4_1;1.17272;-0.04435
background_h4_2;1.08987;-0.03229
background_h4_3;0.94605;-0.03581
background_h4_4;0.86481;-0.02862
background_h4_5;0.78931;-0.0286
background_h4_6;0.69092;-0.03612
background_h4_7;0.58457;-0.02942
background_h4_8;0.51409;-0.03431
background_h4_9;0.44348;-0.03202
background_h4_10;0.32066;-0.05282
background_h4_11;0.25233;-0.0347
background_h4_12;0.19049;-0.05483
background_h5_0;1.27666;0.17026
background_h5_1;1.19523;0.17084
background_h5_2;1.11456;0.17316
background_h5_3;0.97897;0.16465
background_h5_4;0.89539;0.16963
background_h5_5;0.82001;0.17072
background_h5_6;0.74509;0.16831
background_h5_7;0.61423;0.17036
background_h5_8;0.53976;0.16703
background_h5_9;0.47764;0.18329
background_h5_10;0.41199;0.16306
background_h5_11;0.29537;0.16832
background_h5_12;0.22899;0.14966
background_h5_13;0.17581;0.18124
background_h6_0;1.25915;0.38951
background_h6_1;1.17321;0.38577
background_h6_2;1.08886;0.37645
background_h6_3;0.94384;0.37206
background_h6_4;0.86482;0.36875
background_h6_5;0.78748;0.36194
background_h6_6;0.68803;0.36518
background_h6_7;0.58036;0.37435
background_h6_8;0.51097;0.36924
background_h6_9;0.4367;0.38614
background_h6_10;0.32076;0.37819
background_h6_11;0.25219;0.38133
background_h6_12;0.18501;0.38494
background_h7_0;1.21278;0.60037
background_h7_1;1.1309;0.59393
background_h7_2;1.04529;0.57943
background_h7_3;0.91366;0.57628
background_h7_4;0.84356;0.56893
background_h7_5;0.76938;0.56159
background_h7_6;0.63644;0.57991
background_h7_7;0.56476;0.56519
background_h7_8;0.50164;0.57973
background_h7_9;0.38467;0.58684
background_h7_10;0.31987;0.60441
background_h7_11;0.25504;0.60027
background_h8_0;1.12448;0.80899
background_h8_1;1.03984;0.79625
background_h8_2;0.90921;0.7857
background_h8_3;0.82641;0.77249
background_h8_4;0.70959;0.77189
background_h8_5;0.63057;0.77633
background_h8_6;0.55895;0.77994
background_h8_7;0.44777;0.80763
background_h8_8;0.37675;0.80481
background_h9_0;0.98227;1.01868
background_h9_1;0.85954;0.99489
background_h9_2;0.75698;0.99378
background_h9_3;0.66807;0.99134
background_h9_4;0.55631;1.01506
