election_id;x;y
ID 0.5;1.54087;-0.03483
IC 0.5;0.36176;-0.03483
full;1.19408;0.88343
empty;1.1143;-0.99458
background_id_0;1.26393;-0.89488
background_id_1;1.31511;-0.82333
background_id_2;1.36705;-0.75023
background_id_3;1.39781;-0.68942
background_id_4;1.42701;-0.63419
background_id_5;1.45633;-0.56784
background_id_6;1.47579;-0.50949
background_id_7;1.49412;-0.45421
background_id_8;1.50947;-0.38928
background_id_9;1.52109;-0.33214
background_id_10;1.53218;-0.27737
background_id_11;1.53303;-0.21455
background_id_12;1.54521;-0.16042
background_id_13;1.54311;-0.10705
background_id_14;1.54082;-0.03483
background_id_15;1.54242;0.03041
background_id_16;1.5383;0.0829
background_id_17;1.52634;0.14225
background_id_18;1.52479;0.19748
background_id_19;1.51268;0.25085
background_id_20;1.49861;0.31274
background_id_21;1.48643;0.3696
background_id_22;1.46763;0.42332
background_id_23;1.44672;0.48715
background_id_24;1.42433;0.54516
background_id_25;1.39679;0.59976
background_id_26;1.36448;0.66757
background_id_27;1.32655;0.73059
background_id_28;1.28509;0.79606
background_ic_0;1.06639;-0.92097
background_ic_1;1.003;-0.81167
background_ic_2;0.85341;-0.87439
background_ic_3;0.76643;-0.81715
background_ic_4;0.71718;-0.735
background_ic_5;0.63493;-0.71514
background_ic_6;0.56868;-0.64333
background_ic_7;0.52567;-0.58258
background_ic_8;0.46793;-0.49594
background_ic_9;0.44504;-0.42845
background_ic_10;0.41177;-0.35132
background_ic_11;0.38689;-0.26622
background_ic_12;0.37486;-0.18323
background_ic_13;0.37276;-0.11188
background_ic_14;0.37165;-0.0109
background_ic_15;0.38743;0.05466
background_ic_16;0.39654;0.12466
background_ic_17;0.40182;0.19545
background_ic_18;0.42812;0.27291
background_ic_19;0.45581;0.34283
background_ic_20;0.47352;0.41183
background_ic_21;0.52513;0.48972
background_ic_22;0.56998;0.55126
background_ic_23;0.61231;0.61627
background_ic_24;0.6831;0.68513
background_ic_25;0.74877;0.73773
background_ic_26;0.82532;0.79522
background_ic_27;0.92004;0.846
background_ic_28;1.02849;0.88995
background_v1_0;1.22758;-0.87319
background_v1_1;1.2363;-0.79495
background_v1_2;1.24255;-0.71856
background_v1_3;1.25374;-0.65659
background_v1_4;1.24774;-0.60689
background_v1_5;1.25065;-0.5405
background_v1_6;1.25958;-0.48202
background_v1_7;1.24265;-0.43467
background_v1_8;1.2448;-0.37106
background_v1_9;1.23078;-0.31596
background_v1_10;1.25655;-0.26724
background_v1_11;1.24181;-0.20775
background_v1_12;1.22977;-0.15274
background_v1_13;1.24534;-0.10506
background_v1_14;1.24526;-0.04441
background_v1_15;1.25837;0.01315
background_v1_16;1.22868;0.05491
background_v1_17;1.2431;0.1177
background_v1_18;1.23626;0.17435
background_v1_19;1.24622;0.22149
background_v1_20;1.23634;0.28727
background_v1_21;1.23686;0.34935
background_v1_22;1.25436;0.39226
background_v1_23;1.24666;0.4634
background_v1_24;1.2434;0.52292
background_v1_25;1.25333;0.57312
background_v1_26;1.24381;0.64657
background_v1_27;1.2393;0.71697
background_v1_28;1.23402;0.79017
background_v2_0;1.18123;-0.85218
background_v2_1;1.14454;-0.78334
background_v2_2;1.13015;-0.70151
background_v2_3;1.08628;-0.65695
background_v2_4;1.06896;-0.60922
background_v2_5;1.04468;-0.55152
background_v2_6;1.02951;-0.49086
background_v2_7;1.0134;-0.44243
background_v2_8;1.00221;-0.38305
background_v2_9;0.98656;-0.32965
background_v2_10;0.97604;-0.28173
background_v2_11;0.98764;-0.21749
background_v2_12;0.9612;-0.16079
background_v2_13;0.96539;-0.11394
background_v2_14;0.96212;-0.05117
background_v2_15;0.96021;0.00331
background_v2_16;0.96636;0.05737
background_v2_17;0.98847;0.11206
background_v2_18;0.98736;0.17631
background_v2_19;1.00466;0.22244
background_v2_20;1.01576;0.29303
background_v2_21;1.03199;0.35597
background_v2_22;1.05451;0.4046
background_v2_23;1.05233;0.48626
background_v2_24;1.08101;0.53652
background_v2_25;1.10442;0.58339
background_v2_26;1.132;0.64868
background_v2_27;1.15494;0.72009
background_v2_28;1.18791;0.78544
background_v3_0;1.1282;-0.84525
background_v3_1;1.06375;-0.79892
background_v3_2;0.99561;-0.73524
background_v3_3;0.94333;-0.69367
background_v3_4;0.90991;-0.641
background_v3_5;0.87293;-0.58196
background_v3_6;0.84218;-0.52428
background_v3_7;0.81297;-0.47392
background_v3_8;0.78582;-0.4183
background_v3_9;0.76603;-0.35926
background_v3_10;0.75075;-0.30648
background_v3_11;0.74059;-0.24432
background_v3_12;0.73753;-0.17306
background_v3_13;0.71319;-0.12073
background_v3_14;0.69471;-0.04859
background_v3_15;0.67239;0.01919
background_v3_16;0.67428;0.08322
background_v3_17;0.57986;0.19324
background_v3_18;0.56282;0.27025
background_v3_19;0.58812;0.33524
background_v3_20;0.62873;0.3974
background_v3_21;0.66015;0.47811
background_v3_22;0.69863;0.52829
background_v3_23;0.75168;0.58186
background_v3_24;0.77345;0.6529
background_v3_25;0.98563;0.62854
background_v3_26;1.01944;0.69785
background_v3_27;1.08535;0.73909
background_v3_28;1.14516;0.80278
background_h1_0;1.29608;-0.72448
background_h1_1;1.20154;-0.70651
background_h1_2;1.11505;-0.71925
background_h1_3;1.03879;-0.72126
background_h1_4;0.95054;-0.75741
background_h2_0;1.37387;-0.5427
background_h2_1;1.3067;-0.54256
background_h2_2;1.19578;-0.53462
background_h2_3;1.12973;-0.53339
background_h2_4;1.06308;-0.5423
background_h2_5;0.97318;-0.55799
background_h2_6;0.91709;-0.56285
background_h2_7;0.83751;-0.59408
background_h2_8;0.71317;-0.64994
background_h3_0;1.42488;-0.37309
background_h3_1;1.356;-0.37026
background_h3_2;1.28447;-0.36764
background_h3_3;1.17947;-0.36974
background_h3_4;1.11493;-0.37209
background_h3_5;1.05423;-0.37457
background_h3_6;0.956;-0.39208
background_h3_7;0.89454;-0.39488
background_h3_8;0.84028;-0.40314
background_h3_9;0.75532;-0.42028
background_h3_10;0.70067;-0.42653
background_h3_11;0.57838;-0.46405
background_h4_0;1.44401;-0.2053
background_h4_1;1.37339;-0.20398
background_h4_2;1.30262;-0.20064
background_h4_3;1.18008;-0.20614
background_h4_4;1.1168;-0.20713
background_h4_5;1.05498;-0.21569
background_h4_6;0.96321;-0.21773
background_h4_7;0.89556;-0.22397
background_h4_8;0.83359;-0.23026
background_h4_9;0.7861;-0.23206
background_h4_10;0.6827;-0.25018
background_h4_11;0.56762;-0.24724
background_h4_12;0.42716;-0.25661
background_h5_0;1.44907;-0.0348
background_h5_1;1.38195;-0.0375
background_h5_2;1.31408;-0.04313
background_h5_3;1.19635;-0.04226
background_h5_4;1.13099;-0.04129
background_h5_5;1.07326;-0.04943
background_h5_6;1.01362;-0.04952
background_h5_7;0.91911;-0.05673
background_h5_8;0.86128;-0.05782
background_h5_9;0.80437;-0.06002
background_h5_10;0.73519;-0.05948
background_h5_11;0.59867;-0.0499
background_h5_12;0.4484;-0.00855
background_h5_13;0.41516;-0.03305
background_h6_0;1.43784;0.13495
background_h6_1;1.36598;0.12769
background_h6_2;1.29705;0.12215
background_h6_3;1.18411;0.12071
background_h6_4;1.1179;0.11503
background_h6_5;1.05386;0.11333
background_h6_6;0.96427;0.12277
background_h6_7;0.90205;0.12674
background_h6_8;0.83945;0.12866
background_h6_9;0.71015;0.14039
background_h6_10;0.52514;0.18158
background_h6_11;0.48779;0.19922
background_h6_12;0.45064;0.20306
background_h7_0;1.41489;0.30201
background_h7_1;1.34802;0.29101
background_h7_2;1.28111;0.28751
background_h7_3;1.17833;0.28732
background_h7_4;1.11847;0.28506
background_h7_5;1.06057;0.28374
background_h7_6;0.97816;0.29867
background_h7_7;0.91668;0.29682
background_h7_8;0.67434;0.4087
background_h7_9;0.61672;0.42288
background_h7_10;0.56666;0.41438
background_h7_11;0.51881;0.40703
background_h8_0;1.36594;0.47067
background_h8_1;1.2992;0.46346
background_h8_2;1.19577;0.46071
background_h8_3;1.13539;0.46003
background_h8_4;1.06394;0.47169
background_h8_5;0.97932;0.50335
background_h8_6;0.80318;0.56822
background_h8_7;0.71487;0.60119
background_h8_8;0.66032;0.61204
background_h9_0;1.29169;0.64998
background_h9_1;1.19507;0.64396
background_h9_2;1.11297;0.65961
background_h9_3;1.05806;0.67011
background_h9_4;0.97265;0.70892
1D_0;1.16234;-0.94213
1D_1;1.14088;-0.89702
1D_2;1.08856;-0.89245
1D_3;1.03578;-0.93786
1D_4;0.99793;-0.90305
1D_5;1.02672;-0.84481
1D_6;0.97606;-0.82167
1D_7;0.94644;-0.83114
1D_8;0.89143;-0.88684
1D_9;0.87127;-0.8611
1D_10;0.85295;-0.83789
1D_11;0.80985;-0.85439
1D_12;0.79439;-0.81987
1D_13;0.79692;-0.79449
1D_14;0.78433;-0.75159
1D_15;0.78138;-0.72742
1D_16;0.7464;-0.74768
1D_17;0.7055;-0.76941
1D_18;0.67399;-0.73859
1D_19;0.6915;-0.69557
1D_20;0.66303;-0.67581
1D_21;0.62357;-0.68164
1D_22;0.65587;-0.63877
1D_23;0.60574;-0.64415
1D_24;0.62442;-0.6148
1D_25;0.57436;-0.60065
1D_26;0.62027;-0.56796
1D_27;0.57103;-0.55672
1D_28;0.60371;-0.52821
1D_29;0.51339;-0.53169
1D_30;0.57246;-0.51332
1D_31;0.50035;-0.49305
1D_32;0.54281;-0.48265
1D_33;0.51349;-0.45509
1D_34;0.57021;-0.42
1D_35;0.52628;-0.40951
1D_36;0.5647;-0.38562
1D_37;0.46921;-0.36651
1D_38;0.49778;-0.35369
1D_39;0.44761;-0.33033
1D_40;0.53397;-0.34387
1D_41;0.45954;-0.28856
1D_42;0.50429;-0.29482
1D_43;0.5484;-0.28504
1D_44;0.4826;-0.25303
1D_45;0.51954;-0.23381
1D_46;0.51701;-0.19332
1D_47;0.47924;-0.19728
1D_48;0.44584;-0.1928
1D_49;0.44242;-0.14505
1D_50;0.51993;-0.12512
1D_51;0.45137;-0.10149
1D_52;0.48854;-0.12907
1D_53;0.56909;-0.1072
1D_54;0.51018;-0.06598
1D_55;0.48227;-0.03898
1D_56;0.54734;-0.0476
1D_57;0.49077;-0.01321
1D_58;0.5642;-0.01538
1D_59;0.53926;-0.00312
1D_60;0.49855;0.02268
1D_61;0.51966;0.03659
1D_62;0.59517;0.01178
1D_63;0.63384;0.01108
1D_64;0.57287;0.03657
1D_65;0.54198;0.08883
1D_66;0.57754;0.08951
1D_67;0.60765;0.10319
1D_68;0.63171;0.07572
1D_69;0.64566;0.14601
1D_70;0.56454;0.15247
1D_71;0.55525;0.2092
1D_72;0.60415;0.16417
1D_73;0.61045;0.25676
1D_74;0.6383;0.1876
1D_75;0.62043;0.22219
1D_76;0.67633;0.16736
1D_77;0.64877;0.24953
1D_78;0.67299;0.2224
1D_79;0.70265;0.29199
1D_80;0.66337;0.29632
1D_81;0.70873;0.22053
1D_82;0.70004;0.25568
1D_83;0.74309;0.2262
1D_84;0.83013;0.26313
1D_85;0.75008;0.25724
1D_86;0.81187;0.34536
1D_87;0.84116;0.35442
1D_88;0.76169;0.37729
1D_89;0.80014;0.37537
1D_90;0.79292;0.31259
1D_91;0.80406;0.40599
1D_92;0.6782;0.34867
1D_93;0.87776;0.39933
1D_94;0.77182;0.40118
1D_95;0.84083;0.43242
1D_96;0.84217;0.39942
1D_97;0.91696;0.42077
1D_98;0.82222;0.46719
1D_99;0.91121;0.45351
2D_0;1.11823;-0.99233
2D_1;1.12157;-0.99
2D_2;1.13707;-0.98894
2D_3;1.13664;-0.96986
2D_4;1.16385;-0.96475
2D_5;1.16191;-0.93477
2D_6;1.12828;-0.9287
2D_7;1.1419;-0.89957
2D_8;1.12244;-0.88761
2D_9;1.08884;-0.88073
2D_10;1.06406;-0.89658
2D_11;1.03076;-0.91309
2D_12;1.00059;-0.92531
2D_13;1.01343;-0.87645
2D_14;0.9945;-0.85203
2D_15;0.95597;-0.86615
2D_16;0.93478;-0.89217
2D_17;0.91104;-0.85422
2D_18;0.89901;-0.83099
2D_19;0.89905;-0.78881
2D_20;0.83416;-0.79863
2D_21;0.84865;-0.76747
2D_22;0.82481;-0.73864
2D_23;0.85028;-0.72781
2D_24;0.85339;-0.68998
2D_25;0.81445;-0.67683
2D_26;0.77102;-0.67627
2D_27;0.73918;-0.64523
2D_28;0.76548;-0.61606
2D_29;0.77532;-0.57661
2D_30;0.73305;-0.57862
2D_31;0.67704;-0.57077
2D_32;0.69731;-0.54004
2D_33;0.72196;-0.50651
2D_34;0.67596;-0.50007
2D_35;0.64588;-0.47419
2D_36;0.62821;-0.40957
2D_37;0.67182;-0.43539
2D_38;0.61482;-0.34171
2D_39;0.65508;-0.37066
2D_40;0.65344;-0.31892
2D_41;0.68902;-0.30309
2D_42;0.64429;-0.26931
2D_43;0.7067;-0.22331
2D_44;0.61264;-0.25697
2D_45;0.6384;-0.19572
2D_46;0.66543;-0.18015
2D_47;0.60987;-0.1754
2D_48;0.6253;-0.12995
2D_49;0.64852;-0.06748
2D_50;0.68414;-0.08941
2D_51;0.68081;-0.015
2D_52;0.78627;-0.00183
2D_53;0.73071;0.00509
2D_54;0.7208;0.05671
2D_55;0.76664;0.05132
2D_56;0.79395;0.08644
2D_57;0.78207;0.14891
2D_58;0.74979;0.11678
2D_59;0.73819;0.16986
2D_60;0.77865;0.19011
2D_61;0.79089;0.23806
2D_62;0.88684;0.33057
2D_63;0.62078;0.29496
2D_64;0.75572;0.32879
2D_65;0.84593;0.31851
2D_66;0.71943;0.35708
2D_67;0.72142;0.4546
2D_68;0.70928;0.38843
2D_69;0.77418;0.43728
2D_70;0.74033;0.42394
2D_71;0.87849;0.46869
2D_72;0.77643;0.50462
2D_73;0.86082;0.51458
2D_74;0.92928;0.55096
2D_75;0.88438;0.60524
2D_76;0.91694;0.58597
2D_77;0.85291;0.58405
2D_78;0.84723;0.63577
2D_79;0.93738;0.6423
2D_80;0.82667;0.69001
2D_81;0.81404;0.63404
2D_82;0.90276;0.6802
2D_83;0.92345;0.73243
2D_84;0.85032;0.75387
2D_85;0.87982;0.72901
2D_86;0.90005;0.78509
2D_87;0.94073;0.78605
2D_88;0.97516;0.76403
2D_89;0.96055;0.82796
2D_90;0.9826;0.79218
2D_91;1.02763;0.79535
2D_92;1.01235;0.83105
2D_93;1.04971;0.84748
2D_94;1.06219;0.78315
2D_95;1.09026;0.81574
2D_96;1.09798;0.85502
2D_97;1.07486;0.87576
2D_98;1.12669;0.87276
2D_99;1.11611;0.83645
