election_id;value
ID 0.5;1.0
IC 0.5;1.0
full;1.0
empty;0.0
background_id_0;1.0
background_id_1;1.0
background_id_2;1.0
background_id_3;1.0
background_id_4;1.0
background_id_5;1.0
background_id_6;1.0
background_id_7;1.0
background_id_8;1.0
background_id_9;1.0
background_id_10;1.0
background_id_11;1.0
background_id_12;1.0
background_id_13;1.0
background_id_14;1.0
background_id_15;1.0
background_id_16;1.0
background_id_17;1.0
background_id_18;1.0
background_id_19;1.0
background_id_20;1.0
background_id_21;1.0
background_id_22;1.0
background_id_23;1.0
background_id_24;1.0
background_id_25;1.0
background_id_26;1.0
background_id_27;1.0
background_id_28;1.0
background_ic_0;0.0
background_ic_1;0.0
background_ic_2;0.0
background_ic_3;0.0
background_ic_4;0.0
background_ic_5;0.0
background_ic_6;0.0
background_ic_7;0.0
background_ic_8;0.0
background_ic_9;0.0
background_ic_10;0.0
background_ic_11;0.205
background_ic_12;1.0
background_ic_13;1.0
background_ic_14;1.0
background_ic_15;1.0
background_ic_16;1.0
background_ic_17;1.0
background_ic_18;1.0
background_ic_19;1.0
background_ic_20;1.0
background_ic_21;1.0
background_ic_22;1.0
background_ic_23;1.0
background_ic_24;1.0
background_ic_25;1.0
background_ic_26;1.0
background_ic_27;1.0
background_ic_28;1.0
background_v1_0;0.85
background_v1_1;0.995
background_v1_2;1.0
background_v1_3;1.0
background_v1_4;1.0
background_v1_5;1.0
background_v1_6;1.0
background_v1_7;1.0
background_v1_8;1.0
background_v1_9;1.0
background_v1_10;1.0
background_v1_11;1.0
background_v1_12;1.0
background_v1_13;1.0
background_v1_14;1.0
background_v1_15;1.0
background_v1_16;1.0
background_v1_17;1.0
background_v1_18;1.0
background_v1_19;1.0
background_v1_20;1.0
background_v1_21;1.0
background_v1_22;1.0
background_v1_23;1.0
background_v1_24;1.0
background_v1_25;1.0
background_v1_26;1.0
background_v1_27;1.0
background_v1_28;1.0
background_v2_0;0.522
background_v2_1;0.93
background_v2_2;0.996
background_v2_3;0.999
background_v2_4;1.0
background_v2_5;1.0
background_v2_6;1.0
background_v2_7;1.0
background_v2_8;1.0
background_v2_9;1.0
background_v2_10;1.0
background_v2_11;1.0
background_v2_12;1.0
background_v2_13;1.0
background_v2_14;1.0
background_v2_15;1.0
background_v2_16;1.0
background_v2_17;1.0
background_v2_18;1.0
background_v2_19;1.0
background_v2_20;1.0
background_v2_21;1.0
background_v2_22;1.0
background_v2_23;1.0
background_v2_24;1.0
background_v2_25;1.0
background_v2_26;1.0
background_v2_27;1.0
background_v2_28;1.0
background_v3_0;0.0
background_v3_1;0.0
background_v3_2;0.0
background_v3_3;0.0
background_v3_4;0.0
background_v3_5;0.0
background_v3_6;0.59
background_v3_7;1.0
background_v3_8;1.0
background_v3_9;1.0
background_v3_10;1.0
background_v3_11;1.0
background_v3_12;1.0
background_v3_13;1.0
background_v3_14;1.0
background_v3_15;1.0
background_v3_16;1.0
background_v3_17;1.0
background_v3_18;1.0
background_v3_19;1.0
background_v3_20;1.0
background_v3_21;1.0
background_v3_22;1.0
background_v3_23;1.0
background_v3_24;1.0
background_v3_25;1.0
background_v3_26;1.0
background_v3_27;1.0
background_v3_28;1.0
background_h1_0;1.0
background_h1_1;0.999
background_h1_2;0.992
background_h1_3;0.0
background_h1_4;0.0
background_h2_0;1.0
background_h2_1;1.0
background_h2_2;1.0
background_h2_3;1.0
background_h2_4;1.0
background_h2_5;1.0
background_h2_6;0.996
background_h2_7;0.0
background_h2_8;0.0
background_h3_0;1.0
background_h3_1;1.0
background_h3_2;1.0
background_h3_3;1.0
background_h3_4;1.0
background_h3_5;1.0
background_h3_6;1.0
background_h3_7;1.0
background_h3_8;1.0
background_h3_9;1.0
background_h3_10;0.299
background_h3_11;0.0
background_h4_0;1.0
background_h4_1;1.0
background_h4_2;1.0
background_h4_3;1.0
background_h4_4;1.0
background_h4_5;1.0
background_h4_6;1.0
background_h4_7;1.0
background_h4_8;1.0
background_h4_9;1.0
background_h4_10;1.0
background_h4_11;1.0
background_h4_12;1.0
background_h5_0;1.0
background_h5_1;1.0
background_h5_2;1.0
background_h5_3;1.0
background_h5_4;1.0
background_h5_5;1.0
background_h5_6;1.0
background_h5_7;1.0
background_h5_8;1.0
background_h5_9;1.0
background_h5_10;1.0
background_h5_11;1.0
background_h5_12;1.0
background_h5_13;1.0
background_h6_0;1.0
background_h6_1;1.0
background_h6_2;1.0
background_h6_3;1.0
background_h6_4;1.0
background_h6_5;1.0
background_h6_6;1.0
background_h6_7;1.0
background_h6_8;1.0
background_h6_9;1.0
background_h6_10;1.0
background_h6_11;1.0
background_h6_12;1.0
background_h7_0;1.0
background_h7_1;1.0
background_h7_2;1.0
background_h7_3;1.0
background_h7_4;1.0
background_h7_5;1.0
background_h7_6;1.0
background_h7_7;1.0
background_h7_8;1.0
background_h7_9;1.0
background_h7_10;1.0
background_h7_11;1.0
background_h8_0;1.0
background_h8_1;1.0
background_h8_2;1.0
background_h8_3;1.0
background_h8_4;1.0
background_h8_5;1.0
background_h8_6;1.0
background_h8_7;1.0
background_h8_8;1.0
background_h9_0;1.0
background_h9_1;1.0
background_h9_2;1.0
background_h9_3;1.0
background_h9_4;1.0
truncated_urn_1_0;0.0
truncated_urn_1_1;0.515
truncated_urn_1_2;0.388
truncated_urn_1_3;0.511
truncated_urn_1_4;0.613
truncated_urn_1_5;0.95
truncated_urn_1_6;0.806
truncated_urn_1_7;0.952
truncated_urn_1_8;0.672
truncated_urn_1_9;0.895
truncated_urn_1_10;0.955
truncated_urn_1_11;0.755
truncated_urn_1_12;0.576
truncated_urn_1_13;0.777
truncated_urn_1_14;0.711
truncated_urn_1_15;0.826
truncated_urn_1_16;0.881
truncated_urn_1_17;0.829
truncated_urn_1_18;0.873
truncated_urn_1_19;0.998
truncated_urn_1_20;0.806
truncated_urn_1_21;0.984
truncated_urn_1_22;0.922
truncated_urn_1_23;0.829
truncated_urn_1_24;0.951
truncated_urn_2_0;0.776
truncated_urn_2_1;0.995
truncated_urn_2_2;1.0
truncated_urn_2_3;0.982
truncated_urn_2_4;1.0
truncated_urn_2_5;1.0
truncated_urn_2_6;1.0
truncated_urn_2_7;1.0
truncated_urn_2_8;1.0
truncated_urn_2_9;1.0
truncated_urn_2_10;1.0
truncated_urn_2_11;1.0
truncated_urn_2_12;1.0
truncated_urn_2_13;0.988
truncated_urn_2_14;1.0
truncated_urn_2_15;0.999
truncated_urn_2_16;1.0
truncated_urn_2_17;1.0
truncated_urn_2_18;1.0
truncated_urn_2_19;1.0
truncated_urn_2_20;1.0
truncated_urn_2_21;1.0
truncated_urn_2_22;1.0
truncated_urn_2_23;1.0
truncated_urn_2_24;1.0
truncated_urn_3_0;1.0
truncated_urn_3_1;1.0
truncated_urn_3_2;1.0
truncated_urn_3_3;1.0
truncated_urn_3_4;1.0
truncated_urn_3_5;1.0
truncated_urn_3_6;1.0
truncated_urn_3_7;1.0
truncated_urn_3_8;1.0
truncated_urn_3_9;1.0
truncated_urn_3_10;1.0
truncated_urn_3_11;1.0
truncated_urn_3_12;1.0
truncated_urn_3_13;1.0
truncated_urn_3_14;1.0
truncated_urn_3_15;1.0
truncated_urn_3_16;1.0
truncated_urn_3_17;1.0
truncated_urn_3_18;1.0
truncated_urn_3_19;1.0
truncated_urn_3_20;1.0
truncated_urn_3_21;1.0
truncated_urn_3_22;1.0
truncated_urn_3_23;1.0
truncated_urn_3_24;1.0
truncated_urn_4_0;1.0
truncated_urn_4_1;1.0
truncated_urn_4_2;1.0
truncated_urn_4_3;1.0
truncated_urn_4_4;1.0
truncated_urn_4_5;1.0
truncated_urn_4_6;1.0
truncated_urn_4_7;1.0
truncated_urn_4_8;1.0
truncated_urn_4_9;1.0
truncated_urn_4_10;1.0
truncated_urn_4_11;1.0
truncated_urn_4_12;1.0
truncated_urn_4_13;1.0
truncated_urn_4_14;1.0
truncated_urn_4_15;1.0
truncated_urn_4_16;1.0
truncated_urn_4_17;1.0
truncated_urn_4_18;1.0
truncated_urn_4_19;1.0
truncated_urn_4_20;1.0
truncated_urn_4_21;1.0
truncated_urn_4_22;1.0
truncated_urn_4_23;1.0
truncated_urn_4_24;1.0
truncated_urn_5_0;1.0
truncated_urn_5_1;1.0
truncated_urn_5_2;1.0
truncated_urn_5_3;1.0
truncated_urn_5_4;1.0
truncated_urn_5_5;1.0
truncated_urn_5_6;1.0
truncated_urn_5_7;1.0
truncated_urn_5_8;1.0
truncated_urn_5_9;1.0
truncated_urn_5_10;1.0
truncated_urn_5_11;1.0
truncated_urn_5_12;1.0
truncated_urn_5_13;1.0
truncated_urn_5_14;1.0
truncated_urn_5_15;1.0
truncated_urn_5_16;1.0
truncated_urn_5_17;1.0
truncated_urn_5_18;1.0
truncated_urn_5_19;1.0
truncated_urn_5_20;1.0
truncated_urn_5_21;1.0
truncated_urn_5_22;1.0
truncated_urn_5_23;1.0
truncated_urn_5_24;1.0
truncated_urn_6_0;1.0
truncated_urn_6_1;1.0
truncated_urn_6_2;1.0
truncated_urn_6_3;1.0
truncated_urn_6_4;1.0
truncated_urn_6_5;1.0
truncated_urn_6_6;1.0
truncated_urn_6_7;1.0
truncated_urn_6_8;1.0
truncated_urn_6_9;1.0
truncated_urn_6_10;1.0
truncated_urn_6_11;1.0
truncated_urn_6_12;1.0
truncated_urn_6_13;1.0
truncated_urn_6_14;1.0
truncated_urn_6_15;1.0
truncated_urn_6_16;1.0
truncated_urn_6_17;1.0
truncated_urn_6_18;1.0
truncated_urn_6_19;1.0
truncated_urn_6_20;1.0
truncated_urn_6_21;1.0
truncated_urn_6_22;1.0
truncated_urn_6_23;1.0
truncated_urn_6_24;1.0
truncated_urn_7_0;1.0
truncated_urn_7_1;1.0
truncated_urn_7_2;1.0
truncated_urn_7_3;1.0
truncated_urn_7_4;1.0
truncated_urn_7_5;1.0
truncated_urn_7_6;1.0
truncated_urn_7_7;1.0
truncated_urn_7_8;1.0
truncated_urn_7_9;1.0
truncated_urn_7_10;1.0
truncated_urn_7_11;1.0
truncated_urn_7_12;1.0
truncated_urn_7_13;1.0
truncated_urn_7_14;1.0
truncated_urn_7_15;1.0
truncated_urn_7_16;1.0
truncated_urn_7_17;1.0
truncated_urn_7_18;1.0
truncated_urn_7_19;1.0
truncated_urn_7_20;1.0
truncated_urn_7_21;1.0
truncated_urn_7_22;1.0
truncated_urn_7_23;1.0
truncated_urn_7_24;1.0
truncated_urn_8_0;1.0
truncated_urn_8_1;1.0
truncated_urn_8_2;1.0
truncated_urn_8_3;1.0
truncated_urn_8_4;1.0
truncated_urn_8_5;1.0
truncated_urn_8_6;1.0
truncated_urn_8_7;1.0
truncated_urn_8_8;1.0
truncated_urn_8_9;1.0
truncated_urn_8_10;1.0
truncated_urn_8_11;1.0
truncated_urn_8_12;1.0
truncated_urn_8_13;1.0
truncated_urn_8_14;1.0
truncated_urn_8_15;1.0
truncated_urn_8_16;1.0
truncated_urn_8_17;1.0
truncated_urn_8_18;1.0
truncated_urn_8_19;1.0
truncated_urn_8_20;1.0
truncated_urn_8_21;1.0
truncated_urn_8_22;1.0
truncated_urn_8_23;1.0
truncated_urn_8_24;1.0
truncated_urn_9_0;1.0
truncated_urn_9_1;1.0
truncated_urn_9_2;1.0
truncated_urn_9_3;1.0
truncated_urn_9_4;1.0
truncated_urn_9_5;1.0
truncated_urn_9_6;1.0
truncated_urn_9_7;1.0
truncated_urn_9_8;1.0
truncated_urn_9_9;1.0
truncated_urn_9_10;1.0
truncated_urn_9_11;1.0
truncated_urn_9_12;1.0
truncated_urn_9_13;1.0
truncated_urn_9_14;1.0
truncated_urn_9_15;1.0
truncated_urn_9_16;1.0
truncated_urn_9_17;1.0
truncated_urn_9_18;1.0
truncated_urn_9_19;1.0
truncated_urn_9_20;1.0
truncated_urn_9_21;1.0
truncated_urn_9_22;1.0
truncated_urn_9_23;1.0
truncated_urn_9_24;1.0
