size;num_candidates;num_voters;culture_id;params;color;alpha;family_id;marker;path;label
20;10;50;ic;{};black;0.9;Impartial Culture;o;{};Impartial Culture
20;10;50;conitzer;{};saddlebrown;0.6;SP by Conitzer;o;{};SP by Conitzer
20;10;50;walsh;{};olive;0.8;SP by Walsh;o;{};SP by Walsh
20;10;50;spoc_conitzer;{};maroon;0.8;SPOC;o;{};SPOC
20;10;50;single-crossing;{};turquoise;0.9;Single-Crossing;o;{};Single-Crossing
20;10;50;euclidean;{'dim': 1, 'space': 'uniform'};DarkGreen;0.9;1D Interval;o;{};Interval
20;10;50;euclidean;{'dim': 2, 'space': 'uniform'};Green;0.9;2D Disc;o;{};Disc
20;10;50;euclidean;{'dim': 3, 'space': 'uniform'};ForestGreen;0.7;3D Cube;o;{};Cube
20;10;50;euclidean;{'dim': 2, 'space': 'sphere'};black;0.2;2D Sphere;o;{};Circle
60;10;50;urn;{};red;1;Urn (gamma);o;{};Urn (gamma)
60;10;50;norm-mallows;{};blue;0.9;Norm-Mallows (uniform);o;{};Norm-Mallows (uniform)
20;10;50;group-separable;{'tree': 'balanced'};hotpink;0.8;GS Balanced;o;{};GS Balanced
20;10;50;group-separable;{'tree': 'caterpillar'};purple;0.8;GS Caterpillar;o;{};GS Caterpillar
1;10;50;identity;{};blue;1;ID;x;{};ID
1;10;50;antagonism;{};red;1;AN;x;{};AN
1;10;50;stratification;{};green;1;ST;x;{};ST
1;10;50;uniformity;{};black;1;UN;x;{};UN
