size;num_candidates;num_voters;culture_id;params;color;alpha;family_id;label;marker;show;path
1;50;100;id;{'p':0.5};brown;0.75;ID 0.5;ID 0.5;*;t;{}
1;50;100;ic;{'p':0.5};black;0.75;IC 0.5;IC 0.5;*;t;{}
1;50;100;full;{};red;0.75;full;full;*;t;{}
1;50;100;empty;{};green;0.75;empty;empty;*;t;{}
29;50;100;id;{};brown;0.7;background_id;background_id;.;t;{'variable': 'p'}
29;50;100;ic;{};black;0.7;background_ic;background_ic;.;t;{'variable': 'p'}
29;50;100;resampling;{'phi': 0.25};blue;0.15;background_v1;background_v1;.;t;{'variable': 'p'}
29;50;100;resampling;{'phi': 0.5};blue;0.15;background_v2;background_v2;.;t;{'variable': 'p'}
29;50;100;resampling;{'phi': 0.75};blue;0.15;background_v3;background_v3;.;t;{'variable': 'p'}
5;50;100;resampling;{'p': 0.1};blue;0.15;background_h1;background_h1;.;t;{'variable': 'phi'}
9;50;100;resampling;{'p': 0.2};blue;0.15;background_h2;background_h2;.;t;{'variable': 'phi'}
12;50;100;resampling;{'p': 0.3};blue;0.15;background_h3;background_h3;.;t;{'variable': 'phi'}
13;50;100;resampling;{'p': 0.4};blue;0.15;background_h4;background_h4;.;t;{'variable': 'phi'}
14;50;100;resampling;{'p': 0.5};blue;0.15;background_h5;background_h5;.;t;{'variable': 'phi'}
13;50;100;resampling;{'p': 0.6};blue;0.15;background_h6;background_h6;.;t;{'variable': 'phi'}
12;50;100;resampling;{'p': 0.7};blue;0.15;background_h7;background_h7;.;t;{'variable': 'phi'}
9;50;100;resampling;{'p': 0.8};blue;0.15;background_h8;background_h8;.;t;{'variable': 'phi'}
5;50;100;resampling;{'p': 0.9};blue;0.15;background_h9;background_h9;.;t;{'variable': 'phi'}
50;50;100;disjoint_resampling;{'g': 2, 'p': [0.05, 0.5]};Green;1;Disjoint g=2;Disjoint g=2 _path;o;t;{'variable': 'phi'}
50;50;100;disjoint_resampling;{'g': 3, 'p': [0.05, 0.33]};Green;1;Disjoint g=3;Disjoint g=3 _path;o;t;{'variable': 'phi'}
50;50;100;disjoint_resampling;{'g': 4, 'p': [0.05, 0.25]};Green;1;Disjoint g=4;Disjoint g=4 _path;o;t;{'variable': 'phi'}
50;50;100;disjoint_resampling;{'g': 5, 'p': [0.05, 0.2]};Green;1;Disjoint g=5;Disjoint g=5 _path;o;t;{'variable': 'phi'}
50;50;100;disjoint_resampling;{'g': 6, 'p': [0.05, 0.166]};Green;1;Disjoint g=6;Disjoint g=6 _path;o;t;{'variable': 'phi'}
