size;num_candidates;num_voters;culture_id;params;color;alpha;family_id;label;marker;show;path
1;100;1000;id;{'p':0.5};brown;0.75;ID 0.5;ID 0.5;*;t;{}
1;100;1000;ic;{'p':0.5};black;0.75;IC 0.5;IC 0.5;*;t;{}
1;100;1000;full;{};red;0.75;full;full;*;t;{}
1;100;1000;empty;{};green;0.75;empty;empty;*;t;{}
29;100;1000;id;{};brown;0.7;background_id;background_id;o;t;{'variable': 'p'}
29;100;1000;ic;{};black;0.7;background_ic;background_ic;o;t;{'variable': 'p'}
29;100;1000;resampling;{'phi': 0.25};blue;0.75;background_v1;background_v1;o;t;{'variable': 'p'}
29;100;1000;resampling;{'phi': 0.5};blue;0.75;background_v2;background_v2;o;t;{'variable': 'p'}
29;100;1000;resampling;{'phi': 0.75};blue;0.75;background_v3;background_v3;o;t;{'variable': 'p'}
5;100;1000;resampling;{'p': 0.1};blue;0.75;background_h1;background_h1;o;t;{'variable': 'phi'}
9;100;1000;resampling;{'p': 0.2};blue;0.75;background_h2;background_h2;o;t;{'variable': 'phi'}
12;100;1000;resampling;{'p': 0.3};blue;0.75;background_h3;background_h3;o;t;{'variable': 'phi'}
13;100;1000;resampling;{'p': 0.4};blue;0.75;background_h4;background_h4;o;t;{'variable': 'phi'}
14;100;1000;resampling;{'p': 0.5};blue;0.75;background_h5;background_h5;o;t;{'variable': 'phi'}
13;100;1000;resampling;{'p': 0.6};blue;0.75;background_h6;background_h6;o;t;{'variable': 'phi'}
12;100;1000;resampling;{'p': 0.7};blue;0.75;background_h7;background_h7;o;t;{'variable': 'phi'}
9;100;1000;resampling;{'p': 0.8};blue;0.75;background_h8;background_h8;o;t;{'variable': 'phi'}
5;100;1000;resampling;{'p': 0.9};blue;0.75;background_h9;background_h9;o;t;{'variable': 'phi'}
