election_id;x;y
ID 0.5;0.42815;-0.6722
IC 0.5;-0.48663;-0.6722
full;-0.03276;0.08109
empty;0.11289;-1.50522
background_id_0;0.19026;-1.44944
background_id_1;0.26239;-1.38114
background_id_2;0.31417;-1.29073
background_id_3;0.33009;-1.24186
background_id_4;0.35514;-1.18189
background_id_5;0.37651;-1.12409
background_id_6;0.387;-1.07777
background_id_7;0.4024;-1.0218
background_id_8;0.41473;-0.96987
background_id_9;0.41642;-0.92424
background_id_10;0.42583;-0.87242
background_id_11;0.43163;-0.82302
background_id_12;0.42463;-0.77881
background_id_13;0.4336;-0.72991
background_id_14;0.42719;-0.67026
background_id_15;0.4106;-0.62112
background_id_16;0.41591;-0.56853
background_id_17;0.40342;-0.51612
background_id_18;0.39008;-0.48145
background_id_19;0.38209;-0.42663
background_id_20;0.36144;-0.3711
background_id_21;0.34821;-0.33658
background_id_22;0.32351;-0.27921
background_id_23;0.2948;-0.22763
background_id_24;0.27253;-0.1833
background_id_25;0.23641;-0.13571
background_id_26;0.19251;-0.07771
background_id_27;0.16008;-0.03701
background_id_28;0.09358;0.0226
background_ic_0;0.05891;-1.47299
background_ic_1;-0.05196;-1.42817
background_ic_2;-0.09413;-1.38931
background_ic_3;-0.18328;-1.32424
background_ic_4;-0.23715;-1.27954
background_ic_5;-0.29466;-1.21201
background_ic_6;-0.35676;-1.16504
background_ic_7;-0.39616;-1.08662
background_ic_8;-0.42456;-1.06841
background_ic_9;-0.44247;-0.98695
background_ic_10;-0.44881;-0.92506
background_ic_11;-0.49137;-0.90372
background_ic_12;-0.50609;-0.85184
background_ic_13;-0.52078;-0.77484
background_ic_14;-0.5432;-0.73865
background_ic_15;-0.52396;-0.63659
background_ic_16;-0.50316;-0.58635
background_ic_17;-0.48007;-0.56045
background_ic_18;-0.49405;-0.49389
background_ic_19;-0.4886;-0.44311
background_ic_20;-0.48247;-0.39211
background_ic_21;-0.43216;-0.33199
background_ic_22;-0.41505;-0.27318
background_ic_23;-0.3859;-0.20403
background_ic_24;-0.33651;-0.15759
background_ic_25;-0.28976;-0.1061
background_ic_26;-0.25556;-0.05527
background_ic_27;-0.19714;-0.01858
background_ic_28;-0.12261;0.03826
background_v1_0;0.1594;-1.45224
background_v1_1;0.2063;-1.36783
background_v1_2;0.22964;-1.27473
background_v1_3;0.23628;-1.23625
background_v1_4;0.2358;-1.15791
background_v1_5;0.21452;-1.08658
background_v1_6;0.21065;-1.03543
background_v1_7;0.21344;-0.98033
background_v1_8;0.22887;-0.93231
background_v1_9;0.21282;-0.88653
background_v1_10;0.16836;-0.82035
background_v1_11;0.23115;-0.78507
background_v1_12;0.18109;-0.74136
background_v1_13;0.1856;-0.6893
background_v1_14;0.16231;-0.64013
background_v1_15;0.16123;-0.59804
background_v1_16;0.15082;-0.54414
background_v1_17;0.11688;-0.50585
background_v1_18;0.13176;-0.45627
background_v1_19;0.177;-0.41615
background_v1_20;0.10011;-0.36715
background_v1_21;0.12653;-0.32345
background_v1_22;0.10848;-0.27577
background_v1_23;0.08521;-0.23373
background_v1_24;0.10857;-0.19007
background_v1_25;0.0752;-0.13607
background_v1_26;0.07125;-0.08643
background_v1_27;0.06054;-0.0412
background_v1_28;0.03513;0.02126
background_v2_0;0.12742;-1.45074
background_v2_1;0.15763;-1.35415
background_v2_2;0.13796;-1.28252
background_v2_3;0.08069;-1.23075
background_v2_4;0.07211;-1.11794
background_v2_5;0.047;-1.04966
background_v2_6;0.01549;-1.01379
background_v2_7;0.00986;-0.95387
background_v2_8;-0.01992;-0.88087
background_v2_9;-0.06134;-0.83985
background_v2_10;-0.03375;-0.80662
background_v2_11;-0.04789;-0.73752
background_v2_12;-0.10005;-0.71656
background_v2_13;-0.10162;-0.66505
background_v2_14;-0.0843;-0.61762
background_v2_15;-0.12783;-0.58915
background_v2_16;-0.09478;-0.52423
background_v2_17;-0.15799;-0.4778
background_v2_18;-0.08742;-0.45227
background_v2_19;-0.12503;-0.40956
background_v2_20;-0.10598;-0.34764
background_v2_21;-0.09138;-0.30595
background_v2_22;-0.12976;-0.26553
background_v2_23;-0.10492;-0.22647
background_v2_24;-0.10363;-0.17556
background_v2_25;-0.0603;-0.14101
background_v2_26;-0.0686;-0.07669
background_v2_27;-0.03676;-0.03552
background_v2_28;-0.01964;0.01804
background_v3_0;0.09303;-1.46144
background_v3_1;0.04078;-1.38677
background_v3_2;-0.03522;-1.3162
background_v3_3;-0.08547;-1.29548
background_v3_4;-0.11646;-1.16172
background_v3_5;-0.18682;-1.12199
background_v3_6;-0.17535;-1.05831
background_v3_7;-0.19499;-1.00365
background_v3_8;-0.24884;-0.94985
background_v3_9;-0.30054;-0.91766
background_v3_10;-0.25777;-0.81992
background_v3_11;-0.3058;-0.78137
background_v3_12;-0.31118;-0.7368
background_v3_13;-0.33578;-0.6887
background_v3_14;-0.35305;-0.64688
background_v3_15;-0.37932;-0.6147
background_v3_16;-0.3219;-0.56958
background_v3_17;-0.36425;-0.50515
background_v3_18;-0.3212;-0.46186
background_v3_19;-0.34634;-0.41851
background_v3_20;-0.30775;-0.36384
background_v3_21;-0.32242;-0.31836
background_v3_22;-0.29453;-0.2602
background_v3_23;-0.24838;-0.25493
background_v3_24;-0.23274;-0.1535
background_v3_25;-0.19522;-0.13096
background_v3_26;-0.16258;-0.06946
background_v3_27;-0.12986;-0.02919
background_v3_28;-0.07674;0.02616
background_h1_0;0.25793;-1.27404
background_h1_1;0.18955;-1.27696
background_h1_2;0.13535;-1.26119
background_h1_3;0.00635;-1.29993
background_h1_4;-0.07119;-1.34745
background_h2_0;0.31137;-1.10145
background_h2_1;0.2658;-1.09918
background_h2_2;0.18994;-1.0829
background_h2_3;0.10703;-1.04925
background_h2_4;0.02561;-1.06209
background_h2_5;-0.04073;-1.06631
background_h2_6;-0.12436;-1.06451
background_h2_7;-0.18682;-1.14986
background_h2_8;-0.2644;-1.18324
background_h3_0;0.34544;-0.94748
background_h3_1;0.29006;-0.9352
background_h3_2;0.19373;-0.92016
background_h3_3;0.13224;-0.91877
background_h3_4;0.06743;-0.89306
background_h3_5;0.01703;-0.89992
background_h3_6;-0.05487;-0.90276
background_h3_7;-0.11834;-0.92006
background_h3_8;-0.21295;-0.93994
background_h3_9;-0.30138;-0.98486
background_h3_10;-0.34554;-0.98459
background_h3_11;-0.39587;-1.02301
background_h4_0;0.35066;-0.80349
background_h4_1;0.29306;-0.79436
background_h4_2;0.20158;-0.77029
background_h4_3;0.13161;-0.78302
background_h4_4;0.07717;-0.74477
background_h4_5;-0.00796;-0.75443
background_h4_6;-0.0742;-0.75955
background_h4_7;-0.14404;-0.76632
background_h4_8;-0.2133;-0.76837
background_h4_9;-0.25847;-0.787
background_h4_10;-0.32434;-0.81599
background_h4_11;-0.38193;-0.82632
background_h4_12;-0.45675;-0.86893
background_h5_0;0.34032;-0.65749
background_h5_1;0.28475;-0.65014
background_h5_2;0.22122;-0.64068
background_h5_3;0.1135;-0.62611
background_h5_4;0.05735;-0.62023
background_h5_5;0.00777;-0.62067
background_h5_6;-0.04237;-0.60515
background_h5_7;-0.17462;-0.60169
background_h5_8;-0.21243;-0.62419
background_h5_9;-0.25265;-0.63627
background_h5_10;-0.31582;-0.64336
background_h5_11;-0.40198;-0.66472
background_h5_12;-0.4476;-0.69366
background_h5_13;-0.49754;-0.7134
background_h6_0;0.32059;-0.5122
background_h6_1;0.25466;-0.50981
background_h6_2;0.19157;-0.48964
background_h6_3;0.08012;-0.47387
background_h6_4;0.03159;-0.47794
background_h6_5;-0.0243;-0.48298
background_h6_6;-0.12157;-0.48599
background_h6_7;-0.20563;-0.47849
background_h6_8;-0.25759;-0.48262
background_h6_9;-0.30566;-0.50676
background_h6_10;-0.40599;-0.52573
background_h6_11;-0.43842;-0.51515
background_h6_12;-0.51598;-0.55962
background_h7_0;0.28185;-0.3744
background_h7_1;0.21771;-0.36294
background_h7_2;0.14337;-0.37805
background_h7_3;0.05117;-0.35869
background_h7_4;-0.01449;-0.35908
background_h7_5;-0.05186;-0.36756
background_h7_6;-0.168;-0.35958
background_h7_7;-0.21021;-0.36503
background_h7_8;-0.26483;-0.35818
background_h7_9;-0.34747;-0.37176
background_h7_10;-0.40628;-0.38433
background_h7_11;-0.4462;-0.38378
background_h8_0;0.21298;-0.22858
background_h8_1;0.15435;-0.23317
background_h8_2;0.04393;-0.22842
background_h8_3;-0.0159;-0.22461
background_h8_4;-0.06508;-0.23089
background_h8_5;-0.1831;-0.21815
background_h8_6;-0.24077;-0.21526
background_h8_7;-0.30875;-0.21497
background_h8_8;-0.36646;-0.23756
background_h9_0;0.12197;-0.08541
background_h9_1;0.02725;-0.078
background_h9_2;-0.03924;-0.09649
background_h9_3;-0.11856;-0.07833
background_h9_4;-0.21192;-0.0611
Disjoint g=2_0;0.14215;-0.72017
Disjoint g=2_1;0.25963;-1.3272
Disjoint g=2_2;0.15397;-0.88562
Disjoint g=2_3;0.27332;-1.06882
Disjoint g=2_4;-0.38365;-0.71668
Disjoint g=2_5;0.21084;-1.18842
Disjoint g=2_6;0.22031;-1.31046
Disjoint g=2_7;0.08739;-1.02936
Disjoint g=2_8;0.23117;-1.21276
Disjoint g=2_9;0.04356;-0.76748
Disjoint g=2_10;-0.188;-0.69106
Disjoint g=2_11;0.1599;-1.0583
Disjoint g=2_12;-0.20014;-0.84011
Disjoint g=2_13;0.04054;-0.72528
Disjoint g=2_14;0.1666;-1.22058
Disjoint g=2_15;-0.0695;-0.97249
Disjoint g=2_16;-0.10791;-0.89472
Disjoint g=2_17;-0.2198;-0.7392
Disjoint g=2_18;-0.26566;-0.85848
Disjoint g=2_19;-0.15929;-0.83236
Disjoint g=2_20;-0.15995;-0.89286
Disjoint g=2_21;-0.14558;-0.63612
Disjoint g=2_22;-0.41327;-0.83608
Disjoint g=2_23;-0.45031;-0.74354
Disjoint g=2_24;-0.21995;-0.90549
Disjoint g=2_25;-0.26348;-0.68051
Disjoint g=2_26;-0.0567;-1.09759
Disjoint g=2_27;-0.06107;-1.24717
Disjoint g=2_28;-0.35121;-0.90803
Disjoint g=2_29;-0.33652;-0.86787
Disjoint g=2_30;-0.42993;-0.78545
Disjoint g=2_31;-0.3455;-0.77688
Disjoint g=2_32;-0.17855;-0.92201
Disjoint g=2_33;-0.48285;-0.76121
Disjoint g=2_34;-0.2984;-0.87751
Disjoint g=2_35;-0.34903;-1.03734
Disjoint g=2_36;-0.02399;-1.31207
Disjoint g=2_37;-0.22065;-1.00272
Disjoint g=2_38;-0.16053;-1.24382
Disjoint g=2_39;-0.11087;-1.27295
Disjoint g=2_40;-0.32586;-1.01447
Disjoint g=2_41;-0.35971;-1.01164
Disjoint g=2_42;-0.19483;-1.24961
Disjoint g=2_43;-0.39513;-1.04774
Disjoint g=2_44;0.03746;-1.42736
Disjoint g=2_45;-0.41649;-0.91879
Disjoint g=2_46;-0.05859;-1.38835
Disjoint g=2_47;-0.50519;-0.80544
Disjoint g=2_48;-0.47741;-0.79835
Disjoint g=2_49;-0.39334;-1.11455
Disjoint g=3_0;0.13776;-1.05061
Disjoint g=3_1;-0.08238;-0.87664
Disjoint g=3_2;0.15027;-1.20441
Disjoint g=3_3;-0.12894;-0.88023
Disjoint g=3_4;-0.10042;-0.95678
Disjoint g=3_5;-0.04883;-0.93841
Disjoint g=3_6;0.13223;-1.12772
Disjoint g=3_7;0.10643;-1.11243
Disjoint g=3_8;0.13067;-1.18269
Disjoint g=3_9;-0.01606;-0.91396
Disjoint g=3_10;0.11062;-1.28835
Disjoint g=3_11;0.09106;-0.91248
Disjoint g=3_12;0.03952;-0.96347
Disjoint g=3_13;-0.1625;-1.03269
Disjoint g=3_14;-0.2242;-1.03708
Disjoint g=3_15;-0.27785;-0.90265
Disjoint g=3_16;-0.29947;-1.01361
Disjoint g=3_17;-0.13328;-1.0366
Disjoint g=3_18;-0.30828;-0.95577
Disjoint g=3_19;0.13578;-1.36481
Disjoint g=3_20;-0.26981;-0.95619
Disjoint g=3_21;-0.03285;-1.03028
Disjoint g=3_22;-0.07823;-1.12702
Disjoint g=3_23;-0.1391;-1.17079
Disjoint g=3_24;0.08229;-1.35846
Disjoint g=3_25;-0.05541;-1.17061
Disjoint g=3_26;-0.15636;-0.93466
Disjoint g=3_27;-0.14659;-1.13852
Disjoint g=3_28;-0.10581;-1.20477
Disjoint g=3_29;-0.18189;-1.13168
Disjoint g=3_30;-0.19867;-1.05583
Disjoint g=3_31;-0.05063;-1.29695
Disjoint g=3_32;-0.3968;-0.99031
Disjoint g=3_33;-0.25169;-0.91284
Disjoint g=3_34;0.01193;-1.38426
Disjoint g=3_35;-0.03859;-1.36478
Disjoint g=3_36;-0.02271;-1.36688
Disjoint g=3_37;0.01461;-1.40588
Disjoint g=3_38;-0.1043;-1.30361
Disjoint g=3_39;-0.28224;-1.09624
Disjoint g=3_40;-0.2902;-1.06217
Disjoint g=3_41;-0.32617;-1.11169
Disjoint g=3_42;-0.43679;-1.02541
Disjoint g=3_43;-0.36026;-1.08329
Disjoint g=3_44;-0.04873;-1.38977
Disjoint g=3_45;-0.32392;-1.08175
Disjoint g=3_46;-0.18713;-1.34821
Disjoint g=3_47;-0.29392;-1.23001
Disjoint g=3_48;-0.15598;-1.37023
Disjoint g=3_49;-0.28744;-1.23865
Disjoint g=4_0;-0.03647;-0.99335
Disjoint g=4_1;0.19093;-1.2327
Disjoint g=4_2;0.18528;-1.12455
Disjoint g=4_3;0.04593;-1.10065
Disjoint g=4_4;-0.11044;-1.02043
Disjoint g=4_5;0.05821;-1.15756
Disjoint g=4_6;-0.08131;-1.06699
Disjoint g=4_7;-0.02514;-1.16264
Disjoint g=4_8;0.099;-1.15518
Disjoint g=4_9;0.0322;-1.20607
Disjoint g=4_10;0.04409;-1.20923
Disjoint g=4_11;0.02153;-1.15044
Disjoint g=4_12;-0.16072;-1.11725
Disjoint g=4_13;0.02687;-1.22721
Disjoint g=4_14;-0.02153;-1.21032
Disjoint g=4_15;-0.12539;-1.119
Disjoint g=4_16;0.08625;-1.28635
Disjoint g=4_17;0.11679;-1.40809
Disjoint g=4_18;-0.26613;-1.10789
Disjoint g=4_19;0.00023;-1.12034
Disjoint g=4_20;0.03397;-1.31075
Disjoint g=4_21;-0.06667;-1.02615
Disjoint g=4_22;0.11827;-1.3509
Disjoint g=4_23;0.07583;-1.36899
Disjoint g=4_24;0.00184;-1.34136
Disjoint g=4_25;-0.1388;-1.22736
Disjoint g=4_26;-0.20476;-1.08139
Disjoint g=4_27;-0.00801;-1.34511
Disjoint g=4_28;0.03644;-1.32374
Disjoint g=4_29;-0.14515;-1.16624
Disjoint g=4_30;-0.24331;-1.08859
Disjoint g=4_31;-0.18695;-1.20817
Disjoint g=4_32;-0.23202;-1.16223
Disjoint g=4_33;-0.19835;-1.1734
Disjoint g=4_34;0.06666;-1.41735
Disjoint g=4_35;-0.15894;-1.25613
Disjoint g=4_36;-0.29848;-1.14628
Disjoint g=4_37;-0.24733;-1.16825
Disjoint g=4_38;-0.25727;-1.15665
Disjoint g=4_39;-0.35027;-1.11898
Disjoint g=4_40;-0.19563;-1.26833
Disjoint g=4_41;-0.28023;-1.13142
Disjoint g=4_42;-0.29297;-1.19224
Disjoint g=4_43;-0.27183;-1.20298
Disjoint g=4_44;-0.23881;-1.28191
Disjoint g=4_45;-0.34116;-1.14716
Disjoint g=4_46;-0.00425;-1.43534
Disjoint g=4_47;-0.25132;-1.25353
Disjoint g=4_48;-0.26563;-1.21223
Disjoint g=4_49;-0.0547;-1.42882
Disjoint g=5_0;0.08817;-1.20674
Disjoint g=5_1;0.02831;-1.13004
Disjoint g=5_2;0.09654;-1.08014
Disjoint g=5_3;-0.02549;-1.07976
Disjoint g=5_4;-0.00074;-1.07642
Disjoint g=5_5;0.16692;-1.39153
Disjoint g=5_6;0.05414;-1.24455
Disjoint g=5_7;0.20291;-1.32604
Disjoint g=5_8;-0.11855;-1.19225
Disjoint g=5_9;-0.01934;-1.12854
Disjoint g=5_10;-0.14028;-1.10814
Disjoint g=5_11;-0.08039;-1.13966
Disjoint g=5_12;0.03404;-1.26988
Disjoint g=5_13;-0.08437;-1.16807
Disjoint g=5_14;0.0055;-1.27292
Disjoint g=5_15;-0.00284;-1.2265
Disjoint g=5_16;0.12337;-1.40542
Disjoint g=5_17;0.10917;-1.22075
Disjoint g=5_18;0.02409;-1.33875
Disjoint g=5_19;-0.0005;-1.15543
Disjoint g=5_20;-0.09967;-1.11168
Disjoint g=5_21;0.05424;-1.27364
Disjoint g=5_22;-0.03989;-1.24247
Disjoint g=5_23;0.0605;-1.37114
Disjoint g=5_24;0.10311;-1.37155
Disjoint g=5_25;-0.08936;-1.26295
Disjoint g=5_26;-0.16984;-1.21921
Disjoint g=5_27;-0.11499;-1.22298
Disjoint g=5_28;-0.05352;-1.26603
Disjoint g=5_29;-0.14072;-1.23554
Disjoint g=5_30;-0.07758;-1.27442
Disjoint g=5_31;-0.09569;-1.34105
Disjoint g=5_32;-0.09689;-1.25487
Disjoint g=5_33;-0.09608;-1.21064
Disjoint g=5_34;-0.23988;-1.19077
Disjoint g=5_35;-0.20485;-1.18542
Disjoint g=5_36;0.03117;-1.45033
Disjoint g=5_37;-0.15502;-1.32437
Disjoint g=5_38;-0.27678;-1.17785
Disjoint g=5_39;-0.23086;-1.2144
Disjoint g=5_40;-0.01916;-1.41232
Disjoint g=5_41;-0.25017;-1.24866
Disjoint g=5_42;-0.08218;-1.4096
Disjoint g=5_43;-0.17806;-1.29205
Disjoint g=5_44;0.01383;-1.44568
Disjoint g=5_45;-0.23711;-1.23121
Disjoint g=5_46;-0.1163;-1.39268
Disjoint g=5_47;-0.02328;-1.44075
Disjoint g=5_48;-0.05378;-1.427
Disjoint g=5_49;-0.12704;-1.38326
Disjoint g=6_0;0.02624;-1.18028
Disjoint g=6_1;-0.04871;-1.21468
Disjoint g=6_2;-0.02468;-1.18694
Disjoint g=6_3;0.05326;-1.1824
Disjoint g=6_4;0.09624;-1.26579
Disjoint g=6_5;0.07114;-1.17081
Disjoint g=6_6;0.10278;-1.32524
Disjoint g=6_7;0.13812;-1.3226
Disjoint g=6_8;-0.01142;-1.24065
Disjoint g=6_9;-0.04686;-1.14123
Disjoint g=6_10;-0.00197;-1.20599
Disjoint g=6_11;0.08894;-1.32711
Disjoint g=6_12;0.00065;-1.26905
Disjoint g=6_13;-0.1216;-1.24385
Disjoint g=6_14;-0.15503;-1.19312
Disjoint g=6_15;-0.1521;-1.19973
Disjoint g=6_16;0.08929;-1.38463
Disjoint g=6_17;0.0013;-1.30498
Disjoint g=6_18;-0.02758;-1.33779
Disjoint g=6_19;-0.02136;-1.28105
Disjoint g=6_20;0.08027;-1.40448
Disjoint g=6_21;-0.08089;-1.18578
Disjoint g=6_22;0.05967;-1.33402
Disjoint g=6_23;-0.05756;-1.32776
Disjoint g=6_24;-0.06759;-1.22457
Disjoint g=6_25;0.0403;-1.3756
Disjoint g=6_26;0.06559;-1.44081
Disjoint g=6_27;-0.12679;-1.3128
Disjoint g=6_28;-0.06026;-1.32708
Disjoint g=6_29;-0.00036;-1.39647
Disjoint g=6_30;-0.15345;-1.29876
Disjoint g=6_31;-0.10614;-1.3058
Disjoint g=6_32;-0.14173;-1.27452
Disjoint g=6_33;0.04497;-1.42392
Disjoint g=6_34;-0.12832;-1.32422
Disjoint g=6_35;-0.10443;-1.34485
Disjoint g=6_36;-0.10947;-1.28158
Disjoint g=6_37;-0.18348;-1.29151
Disjoint g=6_38;-0.19704;-1.23114
Disjoint g=6_39;0.00541;-1.43525
Disjoint g=6_40;-0.13262;-1.3511
Disjoint g=6_41;-0.12276;-1.37772
Disjoint g=6_42;-0.00165;-1.46174
Disjoint g=6_43;-0.22781;-1.26307
Disjoint g=6_44;-0.09202;-1.38042
Disjoint g=6_45;-0.2017;-1.31659
Disjoint g=6_46;-0.21398;-1.28493
Disjoint g=6_47;-0.18475;-1.33098
Disjoint g=6_48;-0.23851;-1.30697
Disjoint g=6_49;-0.20533;-1.31718
