election_id;x;y
ID 0.5;0.60484;-0.49173
IC 0.5;-0.74912;-0.49173
full;-0.13369;0.6932
empty;-0.09284;-1.6807
background_id_0;0.0303;-1.62523
background_id_1;0.14799;-1.54559
background_id_2;0.24015;-1.45444
background_id_3;0.28892;-1.39475
background_id_4;0.34942;-1.31385
background_id_5;0.40798;-1.22658
background_id_6;0.44095;-1.16381
background_id_7;0.48098;-1.0782
background_id_8;0.5181;-0.99001
background_id_9;0.54153;-0.92396
background_id_10;0.56358;-0.83717
background_id_11;0.58194;-0.74657
background_id_12;0.59501;-0.68088
background_id_13;0.59768;-0.59369
background_id_14;0.60424;-0.49157
background_id_15;0.60488;-0.41132
background_id_16;0.59217;-0.32506
background_id_17;0.58285;-0.23623
background_id_18;0.5675;-0.16727
background_id_19;0.5425;-0.08202
background_id_20;0.51327;0.00641
background_id_21;0.48862;0.07436
background_id_22;0.44373;0.15779
background_id_23;0.39808;0.24125
background_id_24;0.3614;0.30482
background_id_25;0.29769;0.38415
background_id_26;0.23127;0.46958
background_id_27;0.17427;0.53225
background_id_28;0.06333;0.61194
background_ic_0;-0.20908;-1.60161
background_ic_1;-0.28372;-1.53869
background_ic_2;-0.36449;-1.44359
background_ic_3;-0.39904;-1.4022
background_ic_4;-0.44574;-1.33942
background_ic_5;-0.50342;-1.25
background_ic_6;-0.53934;-1.18762
background_ic_7;-0.57529;-1.12657
background_ic_8;-0.6282;-1.04645
background_ic_9;-0.63969;-0.97759
background_ic_10;-0.69988;-0.91401
background_ic_11;-0.70311;-0.79735
background_ic_12;-0.7605;-0.70127
background_ic_13;-0.72742;-0.64345
background_ic_14;-0.80327;-0.54659
background_ic_15;-0.75382;-0.29293
background_ic_16;-0.73603;-0.25188
background_ic_17;-0.73067;-0.17682
background_ic_18;-0.6969;-0.07463
background_ic_19;-0.63763;-0.01844
background_ic_20;-0.64687;0.0399
background_ic_21;-0.58281;0.12904
background_ic_22;-0.5443;0.21084
background_ic_23;-0.52982;0.26695
background_ic_24;-0.46481;0.34718
background_ic_25;-0.43123;0.40743
background_ic_26;-0.38231;0.47309
background_ic_27;-0.30698;0.55161
background_ic_28;-0.23096;0.61839
background_v1_0;-0.02294;-1.61443
background_v1_1;0.04964;-1.52387
background_v1_2;0.07859;-1.43509
background_v1_3;0.09984;-1.36854
background_v1_4;0.13944;-1.28909
background_v1_5;0.16692;-1.20149
background_v1_6;0.12555;-1.14093
background_v1_7;0.19069;-1.04243
background_v1_8;0.21487;-0.97482
background_v1_9;0.20906;-0.90822
background_v1_10;0.23101;-0.81727
background_v1_11;0.24306;-0.73506
background_v1_12;0.27293;-0.6438
background_v1_13;0.24544;-0.58194
background_v1_14;0.27343;-0.47366
background_v1_15;0.26585;-0.40448
background_v1_16;0.23627;-0.35568
background_v1_17;0.26401;-0.24779
background_v1_18;0.24588;-0.18451
background_v1_19;0.19671;-0.11598
background_v1_20;0.22201;-0.01017
background_v1_21;0.19138;0.05087
background_v1_22;0.16473;0.11019
background_v1_23;0.13896;0.20454
background_v1_24;0.14583;0.28734
background_v1_25;0.10565;0.35648
background_v1_26;0.05147;0.45456
background_v1_27;0.03971;0.51826
background_v1_28;-0.0137;0.59488
background_v2_0;-0.09062;-1.59737
background_v2_1;-0.06688;-1.52221
background_v2_2;-0.09046;-1.44431
background_v2_3;-0.1269;-1.36261
background_v2_4;-0.0957;-1.30087
background_v2_5;-0.04636;-1.17042
background_v2_6;-0.11969;-1.14434
background_v2_7;-0.10792;-1.06634
background_v2_8;-0.07438;-0.97093
background_v2_9;-0.07524;-0.90877
background_v2_10;-0.11508;-0.84387
background_v2_11;-0.05789;-0.73214
background_v2_12;-0.08177;-0.67728
background_v2_13;-0.08714;-0.57721
background_v2_14;-0.12477;-0.4481
background_v2_15;-0.07613;-0.43085
background_v2_16;-0.08978;-0.36254
background_v2_17;-0.10982;-0.25583
background_v2_18;-0.12983;-0.17043
background_v2_19;-0.08316;-0.09546
background_v2_20;-0.1242;0.00828
background_v2_21;-0.11796;0.05731
background_v2_22;-0.10361;0.13465
background_v2_23;-0.05855;0.21879
background_v2_24;-0.10979;0.29755
background_v2_25;-0.10875;0.36546
background_v2_26;-0.07355;0.44968
background_v2_27;-0.09539;0.52521
background_v2_28;-0.08086;0.59994
background_v3_0;-0.15755;-1.60751
background_v3_1;-0.20092;-1.52901
background_v3_2;-0.2363;-1.4263
background_v3_3;-0.2843;-1.37975
background_v3_4;-0.28082;-1.31623
background_v3_5;-0.34543;-1.24564
background_v3_6;-0.34027;-1.18422
background_v3_7;-0.38997;-1.13528
background_v3_8;-0.36399;-1.00436
background_v3_9;-0.40519;-0.94048
background_v3_10;-0.43492;-0.86731
background_v3_11;-0.40934;-0.73674
background_v3_12;-0.42865;-0.67246
background_v3_13;-0.42584;-0.57326
background_v3_14;-0.39113;-0.51616
background_v3_15;-0.43165;-0.40227
background_v3_16;-0.44745;-0.30288
background_v3_17;-0.45112;-0.18967
background_v3_18;-0.44521;-0.12039
background_v3_19;-0.40753;-0.05669
background_v3_20;-0.36077;0.02013
background_v3_21;-0.36617;0.09272
background_v3_22;-0.36478;0.18648
background_v3_23;-0.34383;0.24454
background_v3_24;-0.32772;0.33547
background_v3_25;-0.30271;0.40206
background_v3_26;-0.2469;0.44487
background_v3_27;-0.19717;0.54112
background_v3_28;-0.15011;0.61242
background_h1_0;0.14277;-1.44274
background_h1_1;0.03108;-1.42004
background_h1_2;-0.04989;-1.4087
background_h1_3;-0.16725;-1.44306
background_h1_4;-0.29288;-1.45597
background_h2_0;0.30966;-1.2228
background_h2_1;0.23419;-1.21294
background_h2_2;0.11259;-1.20941
background_h2_3;0.0235;-1.18029
background_h2_4;-0.08813;-1.19172
background_h2_5;-0.17822;-1.18484
background_h2_6;-0.27284;-1.23994
background_h2_7;-0.38125;-1.26909
background_h2_8;-0.45595;-1.24143
background_h3_0;0.44762;-0.94632
background_h3_1;0.32718;-0.97437
background_h3_2;0.24852;-0.96164
background_h3_3;0.14484;-0.95836
background_h3_4;0.07056;-0.95157
background_h3_5;0.00398;-0.96285
background_h3_6;-0.13365;-0.94836
background_h3_7;-0.23867;-0.9981
background_h3_8;-0.3311;-1.00445
background_h3_9;-0.40237;-1.02815
background_h3_10;-0.51416;-1.05112
background_h3_11;-0.57326;-1.06346
background_h4_0;0.48206;-0.75253
background_h4_1;0.40069;-0.74958
background_h4_2;0.31805;-0.74903
background_h4_3;0.18069;-0.73793
background_h4_4;0.10198;-0.71623
background_h4_5;0.02145;-0.72727
background_h4_6;-0.09883;-0.73148
background_h4_7;-0.18641;-0.72102
background_h4_8;-0.27539;-0.77652
background_h4_9;-0.35665;-0.7547
background_h4_10;-0.46492;-0.76688
background_h4_11;-0.56651;-0.82312
background_h4_12;-0.69182;-0.82811
background_h5_0;0.51651;-0.46002
background_h5_1;0.42334;-0.50089
background_h5_2;0.34059;-0.50608
background_h5_3;0.24725;-0.5234
background_h5_4;0.14235;-0.51713
background_h5_5;0.0406;-0.49787
background_h5_6;-0.00613;-0.51963
background_h5_7;-0.13772;-0.51632
background_h5_8;-0.20781;-0.4848
background_h5_9;-0.30568;-0.45278
background_h5_10;-0.43107;-0.49117
background_h5_11;-0.50966;-0.47913
background_h5_12;-0.60109;-0.45474
background_h5_13;-0.71314;-0.50241
background_h6_0;0.49174;-0.26018
background_h6_1;0.3727;-0.23452
background_h6_2;0.31631;-0.23131
background_h6_3;0.17558;-0.24317
background_h6_4;0.09833;-0.24649
background_h6_5;0.02099;-0.23911
background_h6_6;-0.05905;-0.26898
background_h6_7;-0.20676;-0.25286
background_h6_8;-0.2716;-0.22571
background_h6_9;-0.35766;-0.20529
background_h6_10;-0.46387;-0.23072
background_h6_11;-0.59668;-0.18407
background_h6_12;-0.68657;-0.13375
background_h7_0;0.4126;0.0209
background_h7_1;0.32778;0.00311
background_h7_2;0.25213;-0.005
background_h7_3;0.13769;-0.01427
background_h7_4;0.05362;-0.01333
background_h7_5;-0.05158;-0.01114
background_h7_6;-0.15802;-0.02132
background_h7_7;-0.26606;0.00302
background_h7_8;-0.30317;0.0469
background_h7_9;-0.43576;0.01719
background_h7_10;-0.52984;0.06076
background_h7_11;-0.61041;0.0764
background_h8_0;0.29233;0.2482
background_h8_1;0.19608;0.2296
background_h8_2;0.08562;0.22519
background_h8_3;0.01655;0.20015
background_h8_4;-0.11711;0.21067
background_h8_5;-0.17803;0.21259
background_h8_6;-0.28548;0.24717
background_h8_7;-0.4095;0.26971
background_h8_8;-0.46743;0.24429
background_h9_0;0.11463;0.46686
background_h9_1;6e-05;0.43997
background_h9_2;-0.13569;0.4464
background_h9_3;-0.196;0.45697
background_h9_4;-0.29642;0.48357
hamming_1_0;0.16805;-1.38208
hamming_1_1;0.04341;-1.33493
hamming_1_2;-0.02632;-1.28418
hamming_1_3;-0.12321;-1.26062
hamming_1_4;-0.21164;-1.21772
hamming_1_5;-0.23536;-1.13862
hamming_1_6;-0.29591;-1.09733
hamming_1_7;-0.3647;-1.08573
hamming_1_8;-0.4377;-1.0488
hamming_1_9;-0.45389;-0.99869
hamming_1_10;-0.51842;-0.98645
hamming_1_11;-0.48542;-0.93987
hamming_1_12;-0.56227;-0.9193
hamming_1_13;-0.51878;-0.89625
hamming_1_14;-0.60836;-0.87475
hamming_1_15;-0.6056;-0.81696
hamming_1_16;-0.65072;-0.8094
hamming_1_17;-0.62819;-0.744
hamming_1_18;-0.67045;-0.70402
hamming_1_19;-0.71624;-0.70809
hamming_1_20;-0.69537;-0.68055
hamming_1_21;-0.77074;-0.66034
hamming_1_22;-0.74922;-0.61597
hamming_1_23;-0.73498;-0.58664
hamming_1_24;-0.80768;-0.46522
hamming_2_0;0.33131;-1.16326
hamming_2_1;0.26001;-1.13129
hamming_2_2;0.15974;-1.09782
hamming_2_3;0.0567;-1.05804
hamming_2_4;-0.01816;-1.03224
hamming_2_5;-0.09127;-1.01783
hamming_2_6;-0.16128;-0.98914
hamming_2_7;-0.22137;-0.95149
hamming_2_8;-0.2571;-0.89732
hamming_2_9;-0.29408;-0.89397
hamming_2_10;-0.32502;-0.85168
hamming_2_11;-0.3736;-0.87136
hamming_2_12;-0.40904;-0.81715
hamming_2_13;-0.48656;-0.80109
hamming_2_14;-0.52046;-0.78985
hamming_2_15;-0.5488;-0.74675
hamming_2_16;-0.5893;-0.73431
hamming_2_17;-0.56312;-0.70198
hamming_2_18;-0.66709;-0.69533
hamming_2_19;-0.63481;-0.67754
hamming_2_20;-0.71467;-0.60785
hamming_2_21;-0.68505;-0.61412
hamming_2_22;-0.77418;-0.61796
hamming_2_23;-0.71115;-0.54158
hamming_2_24;-0.80693;-0.54011
hamming_3_0;0.41284;-0.98402
hamming_3_1;0.33491;-0.90385
hamming_3_2;0.25709;-0.89021
hamming_3_3;0.16001;-0.86226
hamming_3_4;0.0809;-0.84245
hamming_3_5;0.00224;-0.82485
hamming_3_6;-0.04804;-0.81345
hamming_3_7;-0.10935;-0.80024
hamming_3_8;-0.16307;-0.80047
hamming_3_9;-0.21346;-0.76404
hamming_3_10;-0.25455;-0.71125
hamming_3_11;-0.30325;-0.73123
hamming_3_12;-0.37823;-0.68224
hamming_3_13;-0.35312;-0.66928
hamming_3_14;-0.46887;-0.6855
hamming_3_15;-0.51438;-0.67672
hamming_3_16;-0.51624;-0.64863
hamming_3_17;-0.55383;-0.58789
hamming_3_18;-0.61805;-0.58716
hamming_3_19;-0.63286;-0.63801
hamming_3_20;-0.69265;-0.58623
hamming_3_21;-0.67897;-0.54293
hamming_3_22;-0.78668;-0.57912
hamming_3_23;-0.67953;-0.51323
hamming_3_24;-0.75236;-0.53078
hamming_4_0;0.48327;-0.69601
hamming_4_1;0.39064;-0.69546
hamming_4_2;0.32168;-0.68691
hamming_4_3;0.21052;-0.67331
hamming_4_4;0.13687;-0.65206
hamming_4_5;0.0713;-0.65526
hamming_4_6;0.00906;-0.65251
hamming_4_7;-0.04536;-0.63347
hamming_4_8;-0.11844;-0.62832
hamming_4_9;-0.18972;-0.63846
hamming_4_10;-0.24361;-0.62931
hamming_4_11;-0.26302;-0.60233
hamming_4_12;-0.36129;-0.62488
hamming_4_13;-0.37433;-0.57435
hamming_4_14;-0.43888;-0.61859
hamming_4_15;-0.47184;-0.57892
hamming_4_16;-0.51624;-0.5991
hamming_4_17;-0.58279;-0.5969
hamming_4_18;-0.56621;-0.55446
hamming_4_19;-0.63533;-0.52174
hamming_4_20;-0.68942;-0.50403
hamming_4_21;-0.68709;-0.56744
hamming_4_22;-0.73067;-0.57036
hamming_4_23;-0.75048;-0.49237
hamming_4_24;-0.78685;-0.53831
hamming_5_0;0.50975;-0.499
hamming_5_1;0.42494;-0.45926
hamming_5_2;0.33823;-0.47155
hamming_5_3;0.2191;-0.48361
hamming_5_4;0.14713;-0.4552
hamming_5_5;0.10177;-0.484
hamming_5_6;-0.00298;-0.46585
hamming_5_7;-0.04334;-0.49578
hamming_5_8;-0.10177;-0.48732
hamming_5_9;-0.15936;-0.48093
hamming_5_10;-0.20917;-0.53675
hamming_5_11;-0.27115;-0.50055
hamming_5_12;-0.32509;-0.49248
hamming_5_13;-0.36267;-0.5128
hamming_5_14;-0.37856;-0.47338
hamming_5_15;-0.4412;-0.45106
hamming_5_16;-0.48192;-0.50951
hamming_5_17;-0.56258;-0.49314
hamming_5_18;-0.584;-0.53881
hamming_5_19;-0.58704;-0.49199
hamming_5_20;-0.62797;-0.48414
hamming_5_21;-0.68445;-0.46666
hamming_5_22;-0.73721;-0.40313
hamming_5_23;-0.7538;-0.49125
hamming_5_24;-0.77756;-0.46589
hamming_6_0;0.48076;-0.21085
hamming_6_1;0.40278;-0.28395
hamming_6_2;0.31275;-0.28887
hamming_6_3;0.21497;-0.28502
hamming_6_4;0.15021;-0.32442
hamming_6_5;0.07223;-0.32979
hamming_6_6;0.01904;-0.32058
hamming_6_7;-0.03453;-0.34897
hamming_6_8;-0.11928;-0.3315
hamming_6_9;-0.17991;-0.35164
hamming_6_10;-0.22243;-0.36974
hamming_6_11;-0.27012;-0.37097
hamming_6_12;-0.32343;-0.40147
hamming_6_13;-0.35059;-0.37151
hamming_6_14;-0.40384;-0.36883
hamming_6_15;-0.48146;-0.40647
hamming_6_16;-0.52948;-0.40488
hamming_6_17;-0.54396;-0.43669
hamming_6_18;-0.58985;-0.42225
hamming_6_19;-0.63936;-0.44385
hamming_6_20;-0.63768;-0.48735
hamming_6_21;-0.68549;-0.45201
hamming_6_22;-0.74223;-0.53236
hamming_6_23;-0.79292;-0.50047
hamming_6_24;-0.77461;-0.40878
hamming_7_0;0.41715;-0.03684
hamming_7_1;0.3326;-0.06552
hamming_7_2;0.25832;-0.08269
hamming_7_3;0.1284;-0.10655
hamming_7_4;0.07664;-0.11788
hamming_7_5;0.02632;-0.14013
hamming_7_6;-0.0356;-0.15768
hamming_7_7;-0.09857;-0.19077
hamming_7_8;-0.15275;-0.22023
hamming_7_9;-0.23215;-0.20092
hamming_7_10;-0.26213;-0.27131
hamming_7_11;-0.32767;-0.29758
hamming_7_12;-0.34996;-0.2557
hamming_7_13;-0.41142;-0.30344
hamming_7_14;-0.46597;-0.34684
hamming_7_15;-0.50017;-0.35555
hamming_7_16;-0.52581;-0.34595
hamming_7_17;-0.56194;-0.33202
hamming_7_18;-0.59206;-0.38975
hamming_7_19;-0.63231;-0.3849
hamming_7_20;-0.70238;-0.42544
hamming_7_21;-0.70058;-0.36021
hamming_7_22;-0.69766;-0.42122
hamming_7_23;-0.71713;-0.46902
hamming_7_24;-0.79633;-0.50772
hamming_8_0;0.30853;0.18879
hamming_8_1;0.22028;0.1506
hamming_8_2;0.10248;0.12039
hamming_8_3;0.04705;0.10201
hamming_8_4;-0.04539;0.06074
hamming_8_5;-0.02627;0.02337
hamming_8_6;-0.1883;0.01243
hamming_8_7;-0.18377;-0.08105
hamming_8_8;-0.23518;-0.06265
hamming_8_9;-0.30728;-0.1034
hamming_8_10;-0.34208;-0.12625
hamming_8_11;-0.39518;-0.13026
hamming_8_12;-0.42104;-0.20013
hamming_8_13;-0.49732;-0.18085
hamming_8_14;-0.5283;-0.21961
hamming_8_15;-0.52624;-0.25736
hamming_8_16;-0.59689;-0.2472
hamming_8_17;-0.58505;-0.2902
hamming_8_18;-0.61957;-0.34346
hamming_8_19;-0.63908;-0.31901
hamming_8_20;-0.6767;-0.39419
hamming_8_21;-0.76327;-0.33502
hamming_8_22;-0.74019;-0.4081
hamming_8_23;-0.7844;-0.43787
hamming_8_24;-0.75273;-0.44965
hamming_9_0;0.1506;0.41065
hamming_9_1;0.02972;0.36017
hamming_9_2;-0.0345;0.30871
hamming_9_3;-0.17698;0.29237
hamming_9_4;-0.22917;0.23268
hamming_9_5;-0.2449;0.15545
hamming_9_6;-0.30393;0.12661
hamming_9_7;-0.39989;0.1285
hamming_9_8;-0.39062;0.05028
hamming_9_9;-0.47558;0.05432
hamming_9_10;-0.47288;-0.01736
hamming_9_11;-0.52715;-0.02248
hamming_9_12;-0.52809;-0.07681
hamming_9_13;-0.57411;-0.09532
hamming_9_14;-0.56065;-0.15909
hamming_9_15;-0.63813;-0.15594
hamming_9_16;-0.68516;-0.22581
hamming_9_17;-0.63753;-0.21395
hamming_9_18;-0.65912;-0.26095
hamming_9_19;-0.72054;-0.32424
hamming_9_20;-0.70158;-0.28973
hamming_9_21;-0.68858;-0.32327
hamming_9_22;-0.75326;-0.36269
hamming_9_23;-0.80607;-0.41442
hamming_9_24;-0.74331;-0.44946
