election_id;x;y
ID 0.5;1.67714;0.11274
IC 0.5;0.57347;0.11274
full;1.19819;1.13301
empty;1.17369;-0.88379
background_id_0;1.26743;-0.83978
background_id_1;1.37557;-0.76891
background_id_2;1.45413;-0.66747
background_id_3;1.4842;-0.61248
background_id_4;1.52913;-0.54308
background_id_5;1.56768;-0.46216
background_id_6;1.58436;-0.40395
background_id_7;1.60587;-0.33365
background_id_8;1.62473;-0.26878
background_id_9;1.63678;-0.21132
background_id_10;1.65047;-0.14797
background_id_11;1.66104;-0.08392
background_id_12;1.66777;-0.02742
background_id_13;1.67266;0.03238
background_id_14;1.67714;0.11274
background_id_15;1.67749;0.17389
background_id_16;1.67551;0.23742
background_id_17;1.67059;0.30583
background_id_18;1.66646;0.36025
background_id_19;1.65652;0.42625
background_id_20;1.64345;0.50329
background_id_21;1.62686;0.56081
background_id_22;1.59957;0.63074
background_id_23;1.56889;0.70212
background_id_24;1.55319;0.75113
background_id_25;1.5186;0.81945
background_id_26;1.47493;0.90641
background_id_27;1.43394;0.96456
background_id_28;1.34356;1.05605
background_ic_0;1.05575;-0.83377
background_ic_1;0.95839;-0.78287
background_ic_2;0.87101;-0.70164
background_ic_3;0.82415;-0.62692
background_ic_4;0.78515;-0.5623
background_ic_5;0.72164;-0.49604
background_ic_6;0.70017;-0.43869
background_ic_7;0.67527;-0.37189
background_ic_8;0.61809;-0.2872
background_ic_9;0.60033;-0.21495
background_ic_10;0.58771;-0.14377
background_ic_11;0.56661;-0.08762
background_ic_12;0.56434;9e-05
background_ic_13;0.56248;0.06516
background_ic_14;0.54206;0.1361
background_ic_15;0.55238;0.20842
background_ic_16;0.56337;0.26282
background_ic_17;0.57141;0.32397
background_ic_18;0.5999;0.42711
background_ic_19;0.6243;0.47213
background_ic_20;0.6184;0.54365
background_ic_21;0.65859;0.61847
background_ic_22;0.68539;0.68008
background_ic_23;0.73147;0.75949
background_ic_24;0.77761;0.83015
background_ic_25;0.83226;0.88371
background_ic_26;0.88287;0.95197
background_ic_27;0.98616;1.0305
background_ic_28;1.12449;1.09185
background_v1_0;1.21161;-0.82786
background_v1_1;1.26449;-0.76817
background_v1_2;1.3212;-0.69977
background_v1_3;1.37379;-0.58618
background_v1_4;1.32152;-0.526
background_v1_5;1.34492;-0.45789
background_v1_6;1.34051;-0.36976
background_v1_7;1.38025;-0.32399
background_v1_8;1.35793;-0.24923
background_v1_9;1.38141;-0.1978
background_v1_10;1.38684;-0.13598
background_v1_11;1.39823;-0.05044
background_v1_12;1.42244;-0.00428
background_v1_13;1.3978;0.04739
background_v1_14;1.42365;0.09868
background_v1_15;1.40446;0.19047
background_v1_16;1.37705;0.22728
background_v1_17;1.39515;0.30569
background_v1_18;1.42685;0.35967
background_v1_19;1.39069;0.4051
background_v1_20;1.37744;0.46905
background_v1_21;1.37681;0.56074
background_v1_22;1.40215;0.61392
background_v1_23;1.374;0.70074
background_v1_24;1.37459;0.75911
background_v1_25;1.35007;0.81404
background_v1_26;1.3459;0.93253
background_v1_27;1.31683;0.98836
background_v1_28;1.26599;1.06002
background_v2_0;1.1591;-0.82394
background_v2_1;1.12325;-0.77005
background_v2_2;1.17008;-0.71213
background_v2_3;1.06633;-0.6003
background_v2_4;1.09575;-0.54092
background_v2_5;1.05574;-0.48973
background_v2_6;1.10797;-0.38588
background_v2_7;1.07273;-0.33933
background_v2_8;1.02269;-0.28434
background_v2_9;0.98886;-0.18704
background_v2_10;1.03864;-0.13797
background_v2_11;1.09179;-0.04954
background_v2_12;1.03698;0.00359
background_v2_13;1.051;0.0476
background_v2_14;1.0925;0.15344
background_v2_15;1.11116;0.19827
background_v2_16;1.05351;0.23334
background_v2_17;1.06678;0.29134
background_v2_18;1.11398;0.39494
background_v2_19;1.08912;0.43176
background_v2_20;1.06502;0.51533
background_v2_21;1.09299;0.57341
background_v2_22;1.06675;0.63133
background_v2_23;1.05429;0.70819
background_v2_24;1.13361;0.78296
background_v2_25;1.0772;0.8313
background_v2_26;1.18328;0.95823
background_v2_27;1.20415;1.00277
background_v2_28;1.19298;1.06626
background_v3_0;1.10687;-0.83052
background_v3_1;1.04357;-0.76797
background_v3_2;0.98265;-0.71375
background_v3_3;0.92054;-0.60496
background_v3_4;0.89017;-0.55641
background_v3_5;0.87984;-0.45827
background_v3_6;0.81297;-0.41976
background_v3_7;0.7834;-0.35904
background_v3_8;0.77355;-0.26604
background_v3_9;0.78267;-0.19347
background_v3_10;0.72661;-0.1699
background_v3_11;0.74527;-0.1125
background_v3_12;0.73273;-0.01957
background_v3_13;0.71943;0.05241
background_v3_14;0.72747;0.15723
background_v3_15;0.75022;0.20214
background_v3_16;0.72347;0.27071
background_v3_17;0.73157;0.3471
background_v3_18;0.77584;0.41118
background_v3_19;0.77831;0.46889
background_v3_20;0.75444;0.54514
background_v3_21;0.8009;0.61683
background_v3_22;0.84585;0.64841
background_v3_23;0.87267;0.7616
background_v3_24;0.92961;0.82044
background_v3_25;0.92137;0.86983
background_v3_26;0.99419;0.9746
background_v3_27;1.08391;1.01713
background_v3_28;1.0927;1.07526
background_h1_0;1.37161;-0.68539
background_h1_1;1.24902;-0.70644
background_h1_2;1.12941;-0.70072
background_h1_3;1.02729;-0.71372
background_h1_4;0.9296;-0.70894
background_h2_0;1.50661;-0.43653
background_h2_1;1.41329;-0.43994
background_h2_2;1.28304;-0.45906
background_h2_3;1.23159;-0.47782
background_h2_4;1.103;-0.48986
background_h2_5;0.99112;-0.50897
background_h2_6;0.9257;-0.50179
background_h2_7;0.83586;-0.5145
background_h2_8;0.75581;-0.50667
background_h3_0;1.54434;-0.24735
background_h3_1;1.48809;-0.24649
background_h3_2;1.4166;-0.26637
background_h3_3;1.31635;-0.25654
background_h3_4;1.24466;-0.26583
background_h3_5;1.08104;-0.24547
background_h3_6;0.98149;-0.30246
background_h3_7;0.87178;-0.28491
background_h3_8;0.80842;-0.28925
background_h3_9;0.75736;-0.32238
background_h3_10;0.68966;-0.2799
background_h3_11;0.64294;-0.25104
background_h4_0;1.58112;-0.07016
background_h4_1;1.50562;-0.04281
background_h4_2;1.43239;-0.07152
background_h4_3;1.35755;-0.02813
background_h4_4;1.23205;-0.08176
background_h4_5;1.1477;-0.03795
background_h4_6;1.08899;-0.10375
background_h4_7;0.90349;-0.11895
background_h4_8;0.84034;-0.09822
background_h4_9;0.79332;-0.08585
background_h4_10;0.70159;-0.09629
background_h4_11;0.63619;-0.05172
background_h4_12;0.59205;-0.07157
background_h5_0;1.59246;0.12313
background_h5_1;1.53794;0.12543
background_h5_2;1.48692;0.11383
background_h5_3;1.35236;0.10727
background_h5_4;1.29791;0.11223
background_h5_5;1.20695;0.10819
background_h5_6;1.10245;0.09399
background_h5_7;0.98374;0.10425
background_h5_8;0.88801;0.08008
background_h5_9;0.79771;0.11635
background_h5_10;0.74982;0.13835
background_h5_11;0.65964;0.09801
background_h5_12;0.62094;0.12937
background_h5_13;0.58983;0.17773
background_h6_0;1.59285;0.31994
background_h6_1;1.50547;0.30054
background_h6_2;1.44272;0.30103
background_h6_3;1.36802;0.31417
background_h6_4;1.26833;0.33832
background_h6_5;1.19297;0.33908
background_h6_6;1.01891;0.3301
background_h6_7;0.91061;0.28923
background_h6_8;0.82636;0.36755
background_h6_9;0.75503;0.29573
background_h6_10;0.69498;0.35243
background_h6_11;0.65366;0.36
background_h6_12;0.58615;0.36366
background_h7_0;1.57151;0.47644
background_h7_1;1.47252;0.5374
background_h7_2;1.41457;0.50686
background_h7_3;1.30722;0.51422
background_h7_4;1.21578;0.52458
background_h7_5;1.12411;0.52865
background_h7_6;1.02685;0.55203
background_h7_7;0.93124;0.55367
background_h7_8;0.82441;0.50816
background_h7_9;0.77689;0.57064
background_h7_10;0.69722;0.55851
background_h7_11;0.66295;0.52561
background_h8_0;1.49114;0.70113
background_h8_1;1.42578;0.71542
background_h8_2;1.31;0.7141
background_h8_3;1.2052;0.71927
background_h8_4;1.09526;0.74185
background_h8_5;0.99723;0.76951
background_h8_6;0.91579;0.77361
background_h8_7;0.834;0.78758
background_h8_8;0.75984;0.72648
background_h9_0;1.38871;0.91916
background_h9_1;1.26398;0.96189
background_h9_2;1.14901;0.9765
background_h9_3;1.04038;0.95644
background_h9_4;0.92975;0.92626
truncated_urn_1_0;0.9172;-0.66695
truncated_urn_1_1;1.02432;-0.68355
truncated_urn_1_2;0.9917;-0.67327
truncated_urn_1_3;0.94581;-0.65992
truncated_urn_1_4;1.02176;-0.63253
truncated_urn_1_5;0.97722;-0.63368
truncated_urn_1_6;1.16493;-0.64451
truncated_urn_1_7;1.11971;-0.64496
truncated_urn_1_8;1.06293;-0.64919
truncated_urn_1_9;1.08579;-0.68641
truncated_urn_1_10;1.14398;-0.60849
truncated_urn_1_11;1.17997;-0.58505
truncated_urn_1_12;1.13263;-0.66903
truncated_urn_1_13;1.2739;-0.67514
truncated_urn_1_14;1.28475;-0.59071
truncated_urn_1_15;1.1006;-0.60983
truncated_urn_1_16;1.38723;-0.63856
truncated_urn_1_17;1.21723;-0.58752
truncated_urn_1_18;1.21778;-0.65439
truncated_urn_1_19;1.26356;-0.63814
truncated_urn_1_20;1.32208;-0.61894
truncated_urn_1_21;1.23187;-0.6251
truncated_urn_1_22;1.25861;-0.58013
truncated_urn_1_23;1.34357;-0.65301
truncated_urn_1_24;1.18253;-0.6769
truncated_urn_2_0;0.79315;-0.47098
truncated_urn_2_1;0.84729;-0.44744
truncated_urn_2_2;0.83405;-0.47445
truncated_urn_2_3;0.88254;-0.49359
truncated_urn_2_4;1.11218;-0.44375
truncated_urn_2_5;1.04731;-0.4175
truncated_urn_2_6;0.97177;-0.45788
truncated_urn_2_7;1.03458;-0.45527
truncated_urn_2_8;0.9408;-0.45158
truncated_urn_2_9;1.07363;-0.43482
truncated_urn_2_10;1.19635;-0.43989
truncated_urn_2_11;0.9257;-0.42734
truncated_urn_2_12;1.2316;-0.41486
truncated_urn_2_13;0.99404;-0.42189
truncated_urn_2_14;1.14988;-0.41217
truncated_urn_2_15;1.45651;-0.46263
truncated_urn_2_16;1.16321;-0.45983
truncated_urn_2_17;1.46739;-0.42211
truncated_urn_2_18;1.19545;-0.38113
truncated_urn_2_19;1.37353;-0.45661
truncated_urn_2_20;1.26953;-0.39261
truncated_urn_2_21;1.42839;-0.40377
truncated_urn_2_22;1.37975;-0.40932
truncated_urn_2_23;1.42952;-0.47694
truncated_urn_2_24;1.32349;-0.41848
truncated_urn_3_0;0.74501;-0.28517
truncated_urn_3_1;0.80322;-0.24313
truncated_urn_3_2;0.73119;-0.25363
truncated_urn_3_3;1.04204;-0.2474
truncated_urn_3_4;1.15429;-0.27031
truncated_urn_3_5;1.06176;-0.28115
truncated_urn_3_6;0.88325;-0.24609
truncated_urn_3_7;0.91177;-0.22531
truncated_urn_3_8;0.99221;-0.24867
truncated_urn_3_9;0.94232;-0.25612
truncated_urn_3_10;1.10311;-0.27105
truncated_urn_3_11;1.09565;-0.20977
truncated_urn_3_12;1.24331;-0.21808
truncated_urn_3_13;1.18866;-0.27466
truncated_urn_3_14;0.95239;-0.22528
truncated_urn_3_15;1.13581;-0.22444
truncated_urn_3_16;0.95104;-0.28897
truncated_urn_3_17;1.20911;-0.24053
truncated_urn_3_18;1.30574;-0.22264
truncated_urn_3_19;1.44091;-0.21223
truncated_urn_3_20;1.04515;-0.21003
truncated_urn_3_21;1.20198;-0.19637
truncated_urn_3_22;0.89858;-0.29864
truncated_urn_3_23;1.1458;-0.18785
truncated_urn_3_24;1.17761;-0.23191
truncated_urn_4_0;0.64576;-0.09853
truncated_urn_4_1;0.71292;-0.05934
truncated_urn_4_2;0.78119;-0.04893
truncated_urn_4_3;0.88445;-0.0698
truncated_urn_4_4;0.90001;-0.03887
truncated_urn_4_5;1.09711;-0.01553
truncated_urn_4_6;0.96099;-0.08033
truncated_urn_4_7;0.84298;-0.04484
truncated_urn_4_8;0.92958;-0.04686
truncated_urn_4_9;1.00491;-0.07568
truncated_urn_4_10;1.03803;-0.07819
truncated_urn_4_11;1.30847;-0.05826
truncated_urn_4_12;1.35641;-0.07847
truncated_urn_4_13;1.24596;-0.04874
truncated_urn_4_14;1.01065;-0.0433
truncated_urn_4_15;1.50285;-0.08043
truncated_urn_4_16;0.96341;-0.03051
truncated_urn_4_17;1.17608;-0.05824
truncated_urn_4_18;1.27735;-0.02689
truncated_urn_4_19;1.2781;-0.08426
truncated_urn_4_20;1.17439;-0.01635
truncated_urn_4_21;0.9242;-0.07993
truncated_urn_4_22;1.24968;0.0004
truncated_urn_4_23;1.05031;-0.04604
truncated_urn_4_24;1.13442;-0.06864
truncated_urn_5_0;0.65192;0.15283
truncated_urn_5_1;0.69624;0.1106
truncated_urn_5_2;0.73819;0.10078
truncated_urn_5_3;0.81275;0.15674
truncated_urn_5_4;1.44787;0.13927
truncated_urn_5_5;0.69556;0.15643
truncated_urn_5_6;0.86072;0.17669
truncated_urn_5_7;0.85606;0.13079
truncated_urn_5_8;0.98817;0.17523
truncated_urn_5_9;0.95415;0.13993
truncated_urn_5_10;1.06077;0.11503
truncated_urn_5_11;0.91608;0.17517
truncated_urn_5_12;0.86227;0.09906
truncated_urn_5_13;0.9348;0.09222
truncated_urn_5_14;1.02598;0.09994
truncated_urn_5_15;0.91718;0.12072
truncated_urn_5_16;1.3873;0.13565
truncated_urn_5_17;1.3169;0.1413
truncated_urn_5_18;1.04941;0.15844
truncated_urn_5_19;0.80093;0.07643
truncated_urn_5_20;1.17465;0.15356
truncated_urn_5_21;1.14274;0.1222
truncated_urn_5_22;1.01408;0.14664
truncated_urn_5_23;0.89534;0.14368
truncated_urn_5_24;1.24271;0.13214
truncated_urn_6_0;0.64879;0.31985
truncated_urn_6_1;0.78679;0.34748
truncated_urn_6_2;0.87432;0.35685
truncated_urn_6_3;0.89198;0.32856
truncated_urn_6_4;0.80774;0.31572
truncated_urn_6_5;1.02085;0.29241
truncated_urn_6_6;0.92701;0.3588
truncated_urn_6_7;1.1467;0.27893
truncated_urn_6_8;1.32678;0.3215
truncated_urn_6_9;0.86629;0.29319
truncated_urn_6_10;1.06572;0.33926
truncated_urn_6_11;0.84587;0.31421
truncated_urn_6_12;0.97059;0.3329
truncated_urn_6_13;1.103;0.32937
truncated_urn_6_14;0.98444;0.29116
truncated_urn_6_15;1.55365;0.291
truncated_urn_6_16;1.24889;0.31131
truncated_urn_6_17;1.26102;0.26205
truncated_urn_6_18;1.15371;0.32676
truncated_urn_6_19;1.21508;0.26186
truncated_urn_6_20;1.0049;0.36501
truncated_urn_6_21;0.94855;0.31641
truncated_urn_6_22;1.3315;0.27485
truncated_urn_6_23;1.10342;0.29323
truncated_urn_6_24;1.19861;0.30004
truncated_urn_7_0;0.79823;0.53279
truncated_urn_7_1;0.73401;0.51212
truncated_urn_7_2;0.89554;0.54755
truncated_urn_7_3;0.85673;0.49096
truncated_urn_7_4;0.89361;0.50641
truncated_urn_7_5;1.20381;0.49359
truncated_urn_7_6;0.92321;0.48055
truncated_urn_7_7;0.84437;0.56575
truncated_urn_7_8;0.99427;0.52988
truncated_urn_7_9;1.4429;0.46776
truncated_urn_7_10;1.02326;0.49581
truncated_urn_7_11;0.99135;0.46812
truncated_urn_7_12;1.05056;0.46515
truncated_urn_7_13;1.21539;0.46394
truncated_urn_7_14;0.85132;0.53396
truncated_urn_7_15;1.10206;0.49017
truncated_urn_7_16;1.26066;0.49606
truncated_urn_7_17;1.32833;0.47001
truncated_urn_7_18;1.26808;0.45619
truncated_urn_7_19;0.96338;0.5107
truncated_urn_7_20;1.36687;0.50252
truncated_urn_7_21;1.49801;0.46228
truncated_urn_7_22;1.53803;0.51916
truncated_urn_7_23;1.14631;0.48862
truncated_urn_7_24;1.47984;0.49981
truncated_urn_8_0;0.80866;0.74913
truncated_urn_8_1;0.83157;0.70809
truncated_urn_8_2;1.01601;0.71853
truncated_urn_8_3;0.88389;0.7188
truncated_urn_8_4;1.03531;0.73845
truncated_urn_8_5;1.11405;0.70688
truncated_urn_8_6;0.92578;0.72466
truncated_urn_8_7;0.93041;0.68628
truncated_urn_8_8;1.26528;0.68806
truncated_urn_8_9;1.15538;0.71128
truncated_urn_8_10;1.03772;0.6705
truncated_urn_8_11;0.97307;0.73357
truncated_urn_8_12;0.96886;0.68853
truncated_urn_8_13;1.17591;0.63699
truncated_urn_8_14;1.25905;0.72342
truncated_urn_8_15;1.24961;0.63488
truncated_urn_8_16;1.41659;0.67462
truncated_urn_8_17;1.12833;0.65559
truncated_urn_8_18;1.34232;0.645
truncated_urn_8_19;0.99784;0.66686
truncated_urn_8_20;1.21782;0.67517
truncated_urn_8_21;1.16643;0.67466
truncated_urn_8_22;1.0993;0.67561
truncated_urn_8_23;1.28436;0.6353
truncated_urn_8_24;1.29798;0.67751
truncated_urn_9_0;0.93132;0.96607
truncated_urn_9_1;0.97116;0.9413
truncated_urn_9_2;0.98223;0.91191
truncated_urn_9_3;1.03957;0.92116
truncated_urn_9_4;1.1399;0.93679
truncated_urn_9_5;1.18544;0.91836
truncated_urn_9_6;1.07073;0.94328
truncated_urn_9_7;1.20705;0.84221
truncated_urn_9_8;1.26624;0.85459
truncated_urn_9_9;1.10793;0.90911
truncated_urn_9_10;1.25744;0.90792
truncated_urn_9_11;1.14172;0.87742
truncated_urn_9_12;1.16207;0.85391
truncated_urn_9_13;1.08216;0.88214
truncated_urn_9_14;1.29292;0.86179
truncated_urn_9_15;1.42232;0.8891
truncated_urn_9_16;1.44646;0.87171
truncated_urn_9_17;1.30686;0.93077
truncated_urn_9_18;1.29627;0.8963
truncated_urn_9_19;1.2345;0.92508
truncated_urn_9_20;1.24345;0.88006
truncated_urn_9_21;1.14907;0.90038
truncated_urn_9_22;1.19749;0.88222
truncated_urn_9_23;1.03255;0.88279
truncated_urn_9_24;1.353;0.8695
