size;num_candidates;num_voters;culture_id;params;color;alpha;family_id;marker;path;label
20;10;50;impartial_culture;{};black;1;Impartial Culture;o;{};Impartial Culture
20;10;50;conitzer;{};limegreen;1;SP by Conitzer;o;{};SP by Conitzer
20;10;50;walsh;{};olivedrab;1;SP by Walsh;o;{};SP by Walsh
20;10;50;spoc_conitzer;{};DarkRed;0.7;SPOC;o;{};SPOC
20;10;50;single-crossing;{};purple;0.6;Single-Crossing;o;{};Single-Crossing
20;10;50;1d_interval;{'dim': 1};DarkGreen;1;1D Interval;o;{};1D Interval
20;10;50;2d_disc;{'dim': 2};Green;1;2D Disc;o;{};2D Disc
20;10;50;3d_cube;{'dim': 3};ForestGreen;0.7;3D Cube;o;{};3D Cube
20;10;50;2d_sphere;{'dim': 2};black;0.2;2D Sphere;o;{};2D Sphere
60;10;50;urn_model;{};orange;1;Urn (gamma);o;{};Urn (gamma)
60;10;50;norm-mallows;{};blue;0.9;Norm-Mallows (uniform);o;{};Norm-Mallows (uniform)
20;10;50;group-separable;{'tree': 'balanced'};hotpink;0.9;GS Balanced;o;{};GS Balanced
20;10;50;group-separable;{'tree': 'caterpillar'};red;0.7;GS Caterpillar;o;{};GS Caterpillar
1;10;50;identity;{};blue;1;ID;o;{};ID
1;10;50;antagonism;{};red;1;AN;o;{};AN
1;10;50;stratification;{};green;1;ST;o;{};ST
1;10;50;uniformity;{};black;1;UN;o;{};UN
