election_id;value
ID 0.5;0.42960691452026367
IC 0.5;176.7286581993103
full;1.7282392978668213
empty;0.012039899826049805
background_id_0;0.1254115104675293
background_id_1;0.1936643123626709
background_id_2;0.2723977565765381
background_id_3;0.2712211608886719
background_id_4;0.27430272102355957
background_id_5;0.3008747100830078
background_id_6;0.2907540798187256
background_id_7;0.28525757789611816
background_id_8;1.8967006206512451
background_id_9;0.2908041477203369
background_id_10;0.2914865016937256
background_id_11;0.30006861686706543
background_id_12;0.30005383491516113
background_id_13;0.2946624755859375
background_id_14;0.30385804176330566
background_id_15;1.7673923969268799
background_id_16;0.3059377670288086
background_id_17;0.3071010112762451
background_id_18;0.3173258304595947
background_id_19;0.31299781799316406
background_id_20;0.3203279972076416
background_id_21;0.3205883502960205
background_id_22;1.5982964038848877
background_id_23;0.3276355266571045
background_id_24;0.36228394508361816
background_id_25;0.34414196014404297
background_id_26;0.33564281463623047
background_id_27;0.35968685150146484
background_id_28;0.35653042793273926
background_ic_0;0.5869865417480469
background_ic_1;4.538796424865723
background_ic_2;41.19950842857361
background_ic_3;51.39873433113098
background_ic_4;726.0730977058411
background_ic_5;707.5142414569855
background_ic_6;3450.9921321868896
background_ic_7;924.8887677192688
background_ic_8;175.0440182685852
background_ic_9;142.86373043060303
background_ic_10;388.80076932907104
background_ic_11;26.83760404586792
background_ic_12;130.3162693977356
background_ic_13;142.8826344013214
background_ic_14;16.55458974838257
background_ic_15;52.6502366065979
background_ic_16;76.99227976799011
background_ic_17;71.18853545188904
background_ic_18;50.76361417770386
background_ic_19;29.79240345954895
background_ic_20;57.04615640640259
background_ic_21;3.3020992279052734
background_ic_22;15.549774408340454
background_ic_23;48.944085121154785
background_ic_24;2.3290984630584717
background_ic_25;1.009509563446045
background_ic_26;1.2503938674926758
background_ic_27;0.929917573928833
background_ic_28;0.7708570957183838
background_v1_0;0.07991385459899902
background_v1_1;0.1444242000579834
background_v1_2;1.3090112209320068
background_v1_3;0.46449851989746094
background_v1_4;0.5065009593963623
background_v1_5;0.7869868278503418
background_v1_6;0.7924175262451172
background_v1_7;0.5829184055328369
background_v1_8;0.9510586261749268
background_v1_9;0.7879695892333984
background_v1_10;1.78914213180542
background_v1_11;1.0337486267089844
background_v1_12;0.8037564754486084
background_v1_13;0.8328678607940674
background_v1_14;0.7205743789672852
background_v1_15;0.7430176734924316
background_v1_16;0.6729145050048828
background_v1_17;2.4953408241271973
background_v1_18;0.5702142715454102
background_v1_19;0.8030786514282227
background_v1_20;0.5518133640289307
background_v1_21;0.6644847393035889
background_v1_22;0.5929956436157227
background_v1_23;0.6461663246154785
background_v1_24;1.5908303260803223
background_v1_25;0.5612883567810059
background_v1_26;0.6026766300201416
background_v1_27;0.45687437057495117
background_v1_28;0.45420098304748535
background_v2_0;0.0857398509979248
background_v2_1;0.15240120887756348
background_v2_2;0.17410707473754883
background_v2_3;0.6580500602722168
background_v2_4;1.3522756099700928
background_v2_5;4.1327738761901855
background_v2_6;1.6479682922363281
background_v2_7;5.170513153076172
background_v2_8;10.780811786651611
background_v2_9;11.222424268722534
background_v2_10;5.005052328109741
background_v2_11;31.11786150932312
background_v2_12;5.832292318344116
background_v2_13;2.4192709922790527
background_v2_14;1.3164079189300537
background_v2_15;1.455793857574463
background_v2_16;2.240568161010742
background_v2_17;2.5170414447784424
background_v2_18;2.8486533164978027
background_v2_19;1.719296932220459
background_v2_20;2.0276989936828613
background_v2_21;2.4959895610809326
background_v2_22;0.9798867702484131
background_v2_23;0.7995100021362305
background_v2_24;1.6133959293365479
background_v2_25;1.7941477298736572
background_v2_26;0.9319045543670654
background_v2_27;0.6984241008758545
background_v2_28;0.566399097442627
background_v3_0;0.09949135780334473
background_v3_1;0.15930485725402832
background_v3_2;0.16948509216308594
background_v3_3;0.5919711589813232
background_v3_4;4.278040885925293
background_v3_5;58.65717577934265
background_v3_6;8.047333478927612
background_v3_7;12.57187271118164
background_v3_8;12.730937957763672
background_v3_9;17.84062933921814
background_v3_10;38.73654842376709
background_v3_11;14.763708353042603
background_v3_12;29.818028450012207
background_v3_13;12.952309846878052
background_v3_14;30.034836769104004
background_v3_15;22.025036573410034
background_v3_16;8.759697675704956
background_v3_17;42.399129152297974
background_v3_18;50.00094556808472
background_v3_19;2.225846767425537
background_v3_20;4.189358472824097
background_v3_21;1.9591989517211914
background_v3_22;1.9486668109893799
background_v3_23;1.7932848930358887
background_v3_24;4.493156433105469
background_v3_25;2.341219186782837
background_v3_26;0.8359115123748779
background_v3_27;0.7619218826293945
background_v3_28;0.6406958103179932
background_h1_0;0.19557547569274902
background_h1_1;0.18564200401306152
background_h1_2;0.17277812957763672
background_h1_3;0.1777653694152832
background_h1_4;1.0647392272949219
background_h2_0;0.34160733222961426
background_h2_1;0.6662776470184326
background_h2_2;0.7419450283050537
background_h2_3;1.1735014915466309
background_h2_4;0.880089282989502
background_h2_5;4.720483779907227
background_h2_6;6.38494610786438
background_h2_7;9.389441013336182
background_h2_8;4.342215299606323
background_h3_0;0.35219669342041016
background_h3_1;0.45899009704589844
background_h3_2;0.5639631748199463
background_h3_3;1.7637829780578613
background_h3_4;2.345197916030884
background_h3_5;6.386315822601318
background_h3_6;4.16281795501709
background_h3_7;13.07792329788208
background_h3_8;10.077918291091919
background_h3_9;11.39052963256836
background_h3_10;11.842873811721802
background_h3_11;22.121354341506958
background_h4_0;1.711388349533081
background_h4_1;0.6887309551239014
background_h4_2;0.5526924133300781
background_h4_3;0.8928871154785156
background_h4_4;1.123488426208496
background_h4_5;4.714069604873657
background_h4_6;4.852871417999268
background_h4_7;6.82461404800415
background_h4_8;27.417656183242798
background_h4_9;21.702045917510986
background_h4_10;16.378524780273438
background_h4_11;20.352450609207153
background_h4_12;24.599151372909546
background_h5_0;0.5498943328857422
background_h5_1;1.6219050884246826
background_h5_2;0.5569610595703125
background_h5_3;1.8098907470703125
background_h5_4;1.3003208637237549
background_h5_5;1.301048994064331
background_h5_6;1.837653636932373
background_h5_7;12.312320232391357
background_h5_8;12.205930233001709
background_h5_9;44.58229088783264
background_h5_10;16.687429904937744
background_h5_11;5.628310203552246
background_h5_12;24.10305404663086
background_h5_13;37.48877763748169
background_h6_0;0.5563664436340332
background_h6_1;0.82291579246521
background_h6_2;1.678079605102539
background_h6_3;0.745811939239502
background_h6_4;0.9478991031646729
background_h6_5;1.7781224250793457
background_h6_6;1.0558288097381592
background_h6_7;1.7871732711791992
background_h6_8;5.916057825088501
background_h6_9;8.198780536651611
background_h6_10;5.968806028366089
background_h6_11;17.444286823272705
background_h6_12;16.916192531585693
background_h7_0;0.5481727123260498
background_h7_1;0.7790429592132568
background_h7_2;1.6419026851654053
background_h7_3;1.76466965675354
background_h7_4;0.587838888168335
background_h7_5;2.1482558250427246
background_h7_6;1.8415813446044922
background_h7_7;1.1258740425109863
background_h7_8;1.957228422164917
background_h7_9;1.640486717224121
background_h7_10;4.031697511672974
background_h7_11;45.312175989151
background_h8_0;0.5908985137939453
background_h8_1;0.786841630935669
background_h8_2;0.7759835720062256
background_h8_3;0.8782854080200195
background_h8_4;1.3389816284179688
background_h8_5;2.300143241882324
background_h8_6;1.8586454391479492
background_h8_7;1.3299028873443604
background_h8_8;2.1649484634399414
background_h9_0;0.5230810642242432
background_h9_1;0.5865473747253418
background_h9_2;1.0224945545196533
background_h9_3;0.9424967765808105
background_h9_4;2.5389561653137207
Disjoint g=2_0;0.33603429794311523
Disjoint g=2_1;0.11861062049865723
Disjoint g=2_2;0.43993520736694336
Disjoint g=2_3;0.3264040946960449
Disjoint g=2_4;0.11745429039001465
Disjoint g=2_5;0.4649178981781006
Disjoint g=2_6;0.24849319458007812
Disjoint g=2_7;0.38646554946899414
Disjoint g=2_8;14.810603141784668
Disjoint g=2_9;0.6125361919403076
Disjoint g=2_10;0.5400750637054443
Disjoint g=2_11;1.2480981349945068
Disjoint g=2_12;0.5297243595123291
Disjoint g=2_13;1.7331817150115967
Disjoint g=2_14;43.990758419036865
Disjoint g=2_15;31.375324964523315
Disjoint g=2_16;4.7833640575408936
Disjoint g=2_17;9.739038467407227
Disjoint g=2_18;1.1389808654785156
Disjoint g=2_19;63.08595275878906
Disjoint g=2_20;56.98254919052124
Disjoint g=2_21;50.03074097633362
Disjoint g=2_22;0.1304309368133545
Disjoint g=2_23;70.00816869735718
Disjoint g=2_24;16.717982053756714
Disjoint g=2_25;0.2402019500732422
Disjoint g=2_26;39.2747437953949
Disjoint g=2_27;13.805428266525269
Disjoint g=2_28;16.13677740097046
Disjoint g=2_29;33.8625693321228
Disjoint g=2_30;2.4605185985565186
Disjoint g=2_31;11.404287815093994
Disjoint g=2_32;38.413963079452515
Disjoint g=2_33;125.01370215415955
Disjoint g=2_34;11.385088205337524
Disjoint g=2_35;28.780678033828735
Disjoint g=2_36;5.018616437911987
Disjoint g=2_37;291.3780572414398
Disjoint g=2_38;91.3458423614502
Disjoint g=2_39;6.780133008956909
Disjoint g=2_40;33.921568155288696
Disjoint g=2_41;33.602153301239014
Disjoint g=2_42;34.84269857406616
Disjoint g=2_43;60.97457313537598
Disjoint g=2_44;22.40907335281372
Disjoint g=2_45;10.847289323806763
Disjoint g=2_46;54.59940147399902
Disjoint g=2_47;6.851510524749756
Disjoint g=2_48;1.656592845916748
Disjoint g=2_49;407.7427785396576
Disjoint g=3_0;0.25468873977661133
Disjoint g=3_1;1.3793387413024902
Disjoint g=3_2;0.691939115524292
Disjoint g=3_3;0.9448134899139404
Disjoint g=3_4;0.14683079719543457
Disjoint g=3_5;0.6486959457397461
Disjoint g=3_6;1.0906946659088135
Disjoint g=3_7;11.45736050605774
Disjoint g=3_8;1.0964367389678955
Disjoint g=3_9;2.522529125213623
Disjoint g=3_10;0.2224254608154297
Disjoint g=3_11;0.4449741840362549
Disjoint g=3_12;0.3502025604248047
Disjoint g=3_13;0.2632265090942383
Disjoint g=3_14;2.1421804428100586
Disjoint g=3_15;7.377971887588501
Disjoint g=3_16;1.5151984691619873
Disjoint g=3_17;2.2619729042053223
Disjoint g=3_18;22.578641414642334
Disjoint g=3_19;52.796361207962036
Disjoint g=3_20;0.9871811866760254
Disjoint g=3_21;2.303964614868164
Disjoint g=3_22;11.888356685638428
Disjoint g=3_23;16.26032519340515
Disjoint g=3_24;217.99005150794983
Disjoint g=3_25;2.460702657699585
Disjoint g=3_26;34.95439338684082
Disjoint g=3_27;49.68597388267517
Disjoint g=3_28;14.683488607406616
Disjoint g=3_29;14.530641317367554
Disjoint g=3_30;31.80745768547058
Disjoint g=3_31;3.46358060836792
Disjoint g=3_32;11.122947454452515
Disjoint g=3_33;28.096258401870728
Disjoint g=3_34;0.24604344367980957
Disjoint g=3_35;30.130600690841675
Disjoint g=3_36;59.721697092056274
Disjoint g=3_37;7.479734897613525
Disjoint g=3_38;4.255108118057251
Disjoint g=3_39;14.189056634902954
Disjoint g=3_40;0.5025022029876709
Disjoint g=3_41;3.305637836456299
Disjoint g=3_42;14.686789274215698
Disjoint g=3_43;25.194254636764526
Disjoint g=3_44;0.22647547721862793
Disjoint g=3_45;0.2017378807067871
Disjoint g=3_46;60.19474267959595
Disjoint g=3_47;8.320011138916016
Disjoint g=3_48;93.43483543395996
Disjoint g=3_49;136.99662518501282
Disjoint g=4_0;0.23795008659362793
Disjoint g=4_1;0.24001359939575195
Disjoint g=4_2;0.21534228324890137
Disjoint g=4_3;0.8645517826080322
Disjoint g=4_4;1.7006876468658447
Disjoint g=4_5;1.491323709487915
Disjoint g=4_6;0.7935113906860352
Disjoint g=4_7;2.6214439868927
Disjoint g=4_8;1.9848144054412842
Disjoint g=4_9;5.60426664352417
Disjoint g=4_10;2.753788948059082
Disjoint g=4_11;0.5350852012634277
Disjoint g=4_12;0.7595665454864502
Disjoint g=4_13;2.364672899246216
Disjoint g=4_14;0.8257050514221191
Disjoint g=4_15;0.628617525100708
Disjoint g=4_16;25.309509754180908
Disjoint g=4_17;0.1510334014892578
Disjoint g=4_18;3.6590664386749268
Disjoint g=4_19;0.24089908599853516
Disjoint g=4_20;52.21564292907715
Disjoint g=4_21;25.93367648124695
Disjoint g=4_22;7.245289087295532
Disjoint g=4_23;7.307722091674805
Disjoint g=4_24;1.1332495212554932
Disjoint g=4_25;3.0166661739349365
Disjoint g=4_26;3.8683183193206787
Disjoint g=4_27;14.477131843566895
Disjoint g=4_28;24.25147843360901
Disjoint g=4_29;2.3364808559417725
Disjoint g=4_30;0.42464160919189453
Disjoint g=4_31;6.756200075149536
Disjoint g=4_32;15.9821195602417
Disjoint g=4_33;26.4632511138916
Disjoint g=4_34;8.502320766448975
Disjoint g=4_35;17.865900993347168
Disjoint g=4_36;2.917698383331299
Disjoint g=4_37;14.417819499969482
Disjoint g=4_38;21.71682357788086
Disjoint g=4_39;2.051650285720825
Disjoint g=4_40;32.84618258476257
Disjoint g=4_41;31.039479970932007
Disjoint g=4_42;0.36239171028137207
Disjoint g=4_43;50.484898805618286
Disjoint g=4_44;1.881727695465088
Disjoint g=4_45;13.727701902389526
Disjoint g=4_46;34.620824337005615
Disjoint g=4_47;31.441408157348633
Disjoint g=4_48;13.092523097991943
Disjoint g=4_49;4.234490633010864
Disjoint g=5_0;0.18111586570739746
Disjoint g=5_1;0.21358323097229004
Disjoint g=5_2;1.4211788177490234
Disjoint g=5_3;0.5360701084136963
Disjoint g=5_4;0.9913687705993652
Disjoint g=5_5;0.7313833236694336
Disjoint g=5_6;4.289594411849976
Disjoint g=5_7;0.8595733642578125
Disjoint g=5_8;3.9453842639923096
Disjoint g=5_9;2.032486915588379
Disjoint g=5_10;4.1265480518341064
Disjoint g=5_11;0.9599871635437012
Disjoint g=5_12;6.821226596832275
Disjoint g=5_13;3.5691046714782715
Disjoint g=5_14;0.33327364921569824
Disjoint g=5_15;9.194514274597168
Disjoint g=5_16;3.832672595977783
Disjoint g=5_17;7.207735538482666
Disjoint g=5_18;0.677412748336792
Disjoint g=5_19;0.5460608005523682
Disjoint g=5_20;23.50834035873413
Disjoint g=5_21;10.750422239303589
Disjoint g=5_22;2.681619882583618
Disjoint g=5_23;0.4956686496734619
Disjoint g=5_24;2.5575575828552246
Disjoint g=5_25;32.461601972579956
Disjoint g=5_26;1.082448959350586
Disjoint g=5_27;15.562893152236938
Disjoint g=5_28;4.429428339004517
Disjoint g=5_29;1.0101537704467773
Disjoint g=5_30;0.2004411220550537
Disjoint g=5_31;11.238325595855713
Disjoint g=5_32;0.3432292938232422
Disjoint g=5_33;1.4382131099700928
Disjoint g=5_34;24.938568353652954
Disjoint g=5_35;4.117784023284912
Disjoint g=5_36;8.849905490875244
Disjoint g=5_37;47.11485838890076
Disjoint g=5_38;23.71669578552246
Disjoint g=5_39;6.387277603149414
Disjoint g=5_40;2.894489288330078
Disjoint g=5_41;78.67126750946045
Disjoint g=5_42;0.1786792278289795
Disjoint g=5_43;3.7933077812194824
Disjoint g=5_44;30.32352304458618
Disjoint g=5_45;11.488410949707031
Disjoint g=5_46;0.42168235778808594
Disjoint g=5_47;128.82382345199585
Disjoint g=5_48;277.36902618408203
Disjoint g=5_49;475.8270585536957
Disjoint g=6_0;0.2100813388824463
Disjoint g=6_1;0.1171414852142334
Disjoint g=6_2;0.29612088203430176
Disjoint g=6_3;0.3027989864349365
Disjoint g=6_4;0.2364957332611084
Disjoint g=6_5;0.39042234420776367
Disjoint g=6_6;2.405349016189575
Disjoint g=6_7;0.23924612998962402
Disjoint g=6_8;0.584775447845459
Disjoint g=6_9;2.690230131149292
Disjoint g=6_10;2.905864953994751
Disjoint g=6_11;0.4534943103790283
Disjoint g=6_12;2.7251455783843994
Disjoint g=6_13;0.3227388858795166
Disjoint g=6_14;3.8818392753601074
Disjoint g=6_15;4.834463596343994
Disjoint g=6_16;1.1387598514556885
Disjoint g=6_17;3.4839861392974854
Disjoint g=6_18;6.6907854080200195
Disjoint g=6_19;5.054998397827148
Disjoint g=6_20;10.226706743240356
Disjoint g=6_21;0.6739702224731445
Disjoint g=6_22;22.98880910873413
Disjoint g=6_23;30.28023409843445
Disjoint g=6_24;1.3200786113739014
Disjoint g=6_25;1.4452476501464844
Disjoint g=6_26;0.18851685523986816
Disjoint g=6_27;5.418787002563477
Disjoint g=6_28;1.1558387279510498
Disjoint g=6_29;0.461437463760376
Disjoint g=6_30;16.56494927406311
Disjoint g=6_31;0.39324378967285156
Disjoint g=6_32;2.9789068698883057
Disjoint g=6_33;3.5039002895355225
Disjoint g=6_34;12.338586330413818
Disjoint g=6_35;3.244992733001709
Disjoint g=6_36;1.3924410343170166
Disjoint g=6_37;0.17412590980529785
Disjoint g=6_38;31.566808462142944
Disjoint g=6_39;5.462324857711792
Disjoint g=6_40;14.815491437911987
Disjoint g=6_41;0.6435906887054443
Disjoint g=6_42;0.35848569869995117
Disjoint g=6_43;2.7592084407806396
Disjoint g=6_44;0.1788332462310791
Disjoint g=6_45;5.484577894210815
Disjoint g=6_46;49.81025314331055
Disjoint g=6_47;10.226450443267822
Disjoint g=6_48;64.46692705154419
Disjoint g=6_49;71.64724707603455
