instance_id;x;y
Urn (gamma)_0;473.36392;189.91529
Urn (gamma)_1;-426.83949;119.47051
Urn (gamma)_2;-549.94056;232.54919
Urn (gamma)_3;244.91586;197.85991
Urn (gamma)_4;-245.19306;41.27311
Urn (gamma)_5;-40.94245;208.48064
Urn (gamma)_6;-407.0776;-233.02969
Urn (gamma)_7;-159.37506;80.58142
Urn (gamma)_8;441.62338;227.61962
Urn (gamma)_9;160.52341;391.85277
Urn (gamma)_10;-459.69561;308.40747
Urn (gamma)_11;-570.04097;62.36722
Urn (gamma)_12;543.01125;74.6338
Urn (gamma)_13;-208.51962;238.74056
Urn (gamma)_14;101.94881;341.69126
Urn (gamma)_15;54.34535;458.27712
Urn (gamma)_16;-18.89393;429.38
Urn (gamma)_17;539.47502;-54.27797
Urn (gamma)_18;-495.58493;145.01993
Urn (gamma)_19;-223.47579;54.01868
Urn (gamma)_20;319.10124;145.4023
Urn (gamma)_21;-105.09786;281.84341
Urn (gamma)_22;254.57229;105.86259
Urn (gamma)_23;-45.91549;108.14522
Urn (gamma)_24;-87.60465;373.79876
Urn (gamma)_25;436.20665;122.19662
Urn (gamma)_26;-308.27157;365.75488
Urn (gamma)_27;134.77223;136.1721
Urn (gamma)_28;403.56186;290.85672
Urn (gamma)_29;279.15587;234.77223
Urn (gamma)_30;-189.4143;369.96911
Urn (gamma)_31;-247.01295;177.14551
Urn (gamma)_32;-181.34602;506.28379
Urn (gamma)_33;-544.61308;-187.33843
Urn (gamma)_34;352.45161;352.28204
Urn (gamma)_35;-390.8479;-455.25051
Urn (gamma)_36;-589.45599;-115.26172
Urn (gamma)_37;-240.05641;290.95322
Urn (gamma)_38;-157.43256;-271.59909
Urn (gamma)_39;478.55539;75.4639
Urn (gamma)_40;269.46311;352.66503
Urn (gamma)_41;-384.55736;22.05429
Urn (gamma)_42;369.14175;151.42098
Urn (gamma)_43;162.13187;171.12719
Urn (gamma)_44;-489.41456;258.00468
Urn (gamma)_45;534.03827;-15.81848
Urn (gamma)_46;166.15842;260.71673
Urn (gamma)_47;24.59642;201.2229
Urn (gamma)_48;157.00159;481.21727
Urn (gamma)_49;-328.26002;229.42009
Urn (gamma)_50;-23.06375;288.58602
Urn (gamma)_51;-48.03831;478.9789
Urn (gamma)_52;-311.54709;441.57105
Urn (gamma)_53;-252.98776;140.1936
Urn (gamma)_54;-252.78301;-157.44284
Urn (gamma)_55;234.04384;300.01393
Urn (gamma)_56;-19.09585;385.79004
Urn (gamma)_57;507.91313;131.43522
Urn (gamma)_58;-138.84539;156.51465
Urn (gamma)_59;366.59523;253.35241
Norm-Mallows (uniform)_0;159.06116;-116.62555
Norm-Mallows (uniform)_1;103.85967;-304.8702
Norm-Mallows (uniform)_2;-604.18664;34.21305
Norm-Mallows (uniform)_3;515.09419;-51.14105
Norm-Mallows (uniform)_4;-166.64183;-236.91041
Norm-Mallows (uniform)_5;451.02066;-105.22588
Norm-Mallows (uniform)_6;-28.11445;-373.40553
Norm-Mallows (uniform)_7;389.84984;-143.99416
Norm-Mallows (uniform)_8;344.54102;-86.28573
Norm-Mallows (uniform)_9;-62.07496;-192.05341
Norm-Mallows (uniform)_10;282.26117;-38.94399
Norm-Mallows (uniform)_11;-318.54157;-477.81495
Norm-Mallows (uniform)_12;-457.85526;-449.81528
Norm-Mallows (uniform)_13;459.19082;-73.97414
Norm-Mallows (uniform)_14;286.21362;-198.24276
Norm-Mallows (uniform)_15;-100.27517;-311.44945
Norm-Mallows (uniform)_16;-591.73276;-53.68454
Norm-Mallows (uniform)_17;481.16234;-47.94439
Norm-Mallows (uniform)_18;414.03706;-47.00643
Norm-Mallows (uniform)_19;273.02185;-97.66844
Norm-Mallows (uniform)_20;323.2818;-224.57391
Norm-Mallows (uniform)_21;486.84192;-89.32597
Norm-Mallows (uniform)_22;396.90665;-186.08594
Norm-Mallows (uniform)_23;-557.57884;-319.55611
Norm-Mallows (uniform)_24;18.87967;-91.53702
Norm-Mallows (uniform)_25;368.22474;-213.04397
Norm-Mallows (uniform)_26;-382.96689;-112.88105
Norm-Mallows (uniform)_27;-493.02573;-16.01695
Norm-Mallows (uniform)_28;267.61716;-146.07828
Norm-Mallows (uniform)_29;231.77185;-259.50591
Norm-Mallows (uniform)_30;447.48529;-47.10286
Norm-Mallows (uniform)_31;-417.51328;-171.80636
Norm-Mallows (uniform)_32;330.52625;-28.3033
Norm-Mallows (uniform)_33;-57.0623;-98.76667
Norm-Mallows (uniform)_34;-120.78455;-434.77657
Norm-Mallows (uniform)_35;334.89848;-149.26152
Norm-Mallows (uniform)_36;-221.72561;-479.76921
Norm-Mallows (uniform)_37;464.00248;-128.71325
Norm-Mallows (uniform)_38;65.28927;-306.84027
Norm-Mallows (uniform)_39;-364.5617;-353.5031
Norm-Mallows (uniform)_40;-139.62705;-432.03857
Norm-Mallows (uniform)_41;-522.97614;-401.41732
Norm-Mallows (uniform)_42;-161.15484;-94.44134
Norm-Mallows (uniform)_43;245.34935;-62.26723
Norm-Mallows (uniform)_44;396.0498;-65.21206
Norm-Mallows (uniform)_45;519.75616;-56.11088
Norm-Mallows (uniform)_46;-588.68235;-264.17269
Norm-Mallows (uniform)_47;-246.73096;-306.41406
Norm-Mallows (uniform)_48;68.61697;-58.70899
Norm-Mallows (uniform)_49;-20.38406;-272.40657
Norm-Mallows (uniform)_50;-576.10364;101.33529
Norm-Mallows (uniform)_51;-215.59279;-400.21023
Norm-Mallows (uniform)_52;-621.48263;-189.58461
Norm-Mallows (uniform)_53;88.80032;-156.69285
Norm-Mallows (uniform)_54;-303.68085;-207.41643
Norm-Mallows (uniform)_55;415.99129;-88.90178
Norm-Mallows (uniform)_56;-20.00539;-420.63262
Norm-Mallows (uniform)_57;425.18869;-125.30874
Norm-Mallows (uniform)_58;173.10179;-210.59193
Norm-Mallows (uniform)_59;-463.86101;-338.22286
ID;524.5007;-48.33553
AN;-241.51113;710.70084
ST;252.34395;-366.23564
UN;-657.63618;-48.33553
