instance_id;x;y
Urn (gamma)_0;414.70544;95.38165
Urn (gamma)_1;-405.17038;147.5463
Urn (gamma)_2;-481.05493;282.63496
Urn (gamma)_3;327.80753;157.73245
Urn (gamma)_4;-40.1674;425.66472
Urn (gamma)_5;70.38446;285.45672
Urn (gamma)_6;-416.89588;65.55138
Urn (gamma)_7;-148.02414;136.99893
Urn (gamma)_8;387.54653;-196.08729
Urn (gamma)_9;222.41193;316.94099
Urn (gamma)_10;-424.80236;276.58053
Urn (gamma)_11;-411.81133;371.74224
Urn (gamma)_12;461.59455;-7.09097
Urn (gamma)_13;-78.97646;398.33197
Urn (gamma)_14;191.23391;303.95936
Urn (gamma)_15;141.43036;404.78927
Urn (gamma)_16;68.22757;381.68224
Urn (gamma)_17;494.71481;-104.45747
Urn (gamma)_18;-465.54939;182.92747
Urn (gamma)_19;-231.73955;447.65034
Urn (gamma)_20;335.70765;-224.02676
Urn (gamma)_21;-58.66595;257.0332
Urn (gamma)_22;314.4109;79.7064
Urn (gamma)_23;-14.34093;162.58925
Urn (gamma)_24;94.99724;439.35537
Urn (gamma)_25;423.51698;39.7532
Urn (gamma)_26;-219.99319;373.35882
Urn (gamma)_27;212.3974;-322.23442
Urn (gamma)_28;378.69944;175.55248
Urn (gamma)_29;294.98366;135.30214
Urn (gamma)_30;-121.51947;325.15087
Urn (gamma)_31;-99.20697;-391.22069
Urn (gamma)_32;-28.52252;512.40106
Urn (gamma)_33;-550.53011;1.74904
Urn (gamma)_34;303.43964;-302.75529
Urn (gamma)_35;-522.59495;-16.59206
Urn (gamma)_36;-530.51028;156.45305
Urn (gamma)_37;-193.49999;256.03676
Urn (gamma)_38;-166.6113;410.88675
Urn (gamma)_39;443.08331;-6.12024
Urn (gamma)_40;314.25175;235.45929
Urn (gamma)_41;-285.8931;323.5189
Urn (gamma)_42;371.86706;69.16128
Urn (gamma)_43;233.42356;141.76103
Urn (gamma)_44;-426.09612;311.38192
Urn (gamma)_45;489.49544;-90.72575
Urn (gamma)_46;216.96857;178.50689
Urn (gamma)_47;98.43682;218.37703
Urn (gamma)_48;228.53495;391.65568
Urn (gamma)_49;-265.60471;194.73937
Urn (gamma)_50;-0.71486;245.51421
Urn (gamma)_51;-11.87107;-427.90617
Urn (gamma)_52;-170.68049;482.26646
Urn (gamma)_53;-195.87469;202.3437
Urn (gamma)_54;-183.91872;-429.39342
Urn (gamma)_55;280.94914;200.9343
Urn (gamma)_56;106.33;372.34765
Urn (gamma)_57;438.59059;34.20409
Urn (gamma)_58;-7.92302;346.42364
Urn (gamma)_59;319.47462;-267.96241
Norm-Mallows (uniform)_0;132.60094;-193.55429
Norm-Mallows (uniform)_1;10.7296;-208.17975
Norm-Mallows (uniform)_2;-521.99086;-222.63818
Norm-Mallows (uniform)_3;490.54047;-111.0573
Norm-Mallows (uniform)_4;-228.78634;-119.3455
Norm-Mallows (uniform)_5;404.25523;-109.12408
Norm-Mallows (uniform)_6;-183.17287;-86.72717
Norm-Mallows (uniform)_7;342.92853;-137.04283
Norm-Mallows (uniform)_8;324.3641;-122.80662
Norm-Mallows (uniform)_9;-111.04753;-117.7779
Norm-Mallows (uniform)_10;254.12171;-129.95478
Norm-Mallows (uniform)_11;-424.26983;-344.36961
Norm-Mallows (uniform)_12;-537.16742;-262.72628
Norm-Mallows (uniform)_13;425.24712;-110.95642
Norm-Mallows (uniform)_14;230.62149;-188.4022
Norm-Mallows (uniform)_15;-169.98367;-313.27527
Norm-Mallows (uniform)_16;-548.1585;63.31843
Norm-Mallows (uniform)_17;454.68126;-110.28426
Norm-Mallows (uniform)_18;390.98697;-124.15983
Norm-Mallows (uniform)_19;253.00978;-100.92312
Norm-Mallows (uniform)_20;236.55543;-148.02107
Norm-Mallows (uniform)_21;437.77778;-110.51367
Norm-Mallows (uniform)_22;306.82393;-133.33088
Norm-Mallows (uniform)_23;-583.57021;-40.26401
Norm-Mallows (uniform)_24;14.41705;-244.60533
Norm-Mallows (uniform)_25;275.95636;-164.48251
Norm-Mallows (uniform)_26;-407.20683;-198.53976
Norm-Mallows (uniform)_27;-496.5566;-145.91825
Norm-Mallows (uniform)_28;232.09714;-124.20613
Norm-Mallows (uniform)_29;159.12099;-212.18641
Norm-Mallows (uniform)_30;422.16452;-119.68121
Norm-Mallows (uniform)_31;-356.06814;-362.03869
Norm-Mallows (uniform)_32;301.73648;-99.45066
Norm-Mallows (uniform)_33;-58.42027;-257.45158
Norm-Mallows (uniform)_34;-297.34013;-308.94099
Norm-Mallows (uniform)_35;295.84585;-149.52732
Norm-Mallows (uniform)_36;-360.98935;-298.01547
Norm-Mallows (uniform)_37;402.24429;-133.37728
Norm-Mallows (uniform)_38;-27.55386;-179.06942
Norm-Mallows (uniform)_39;-452.44702;-103.75435
Norm-Mallows (uniform)_40;-245.04472;-338.20806
Norm-Mallows (uniform)_41;-568.68726;-192.11595
Norm-Mallows (uniform)_42;-162.05606;-263.25914
Norm-Mallows (uniform)_43;229.63338;-166.15133
Norm-Mallows (uniform)_44;376.70828;-123.68643
Norm-Mallows (uniform)_45;492.0059;-110.44905
Norm-Mallows (uniform)_46;-572.32113;105.72427
Norm-Mallows (uniform)_47;-307.63038;-142.49203
Norm-Mallows (uniform)_48;40.85506;-93.04934
Norm-Mallows (uniform)_49;-114.17464;-163.81004
Norm-Mallows (uniform)_50;-541.7051;-90.24107
Norm-Mallows (uniform)_51;-309.99438;-232.87615
Norm-Mallows (uniform)_52;-586.00346;41.44572
Norm-Mallows (uniform)_53;63.71244;-132.61296
Norm-Mallows (uniform)_54;-348.23582;-64.93506
Norm-Mallows (uniform)_55;389.37276;-108.41357
Norm-Mallows (uniform)_56;-185.60255;-224.42884
Norm-Mallows (uniform)_57;380.90141;-118.23305
Norm-Mallows (uniform)_58;128.83327;-152.7628
Norm-Mallows (uniform)_59;-470.45401;-297.04814
ID;501.56245;-111.73402
AN;-201.45812;715.28978
ST;148.23801;-347.6415
UN;-587.43963;-111.73402
